document_id,filename,clause_count,total_words,pdf_url,title_candidate,notification_numbers,dates_found,first_page_text
rbi_000f2b89455b,rbi_000f2b89455b.pdf,174,6309,https://rbidocs.rbi.org.in/rdocs/notification/PDFs/03MD945692290C104C5595AEDAC89AE78788.PDF,"Master Direction No. 7/2015-16 January 1, 2016 (Updated as on September 06, 2024) (Updated as on December 22, 2023) (Updated as on August 24, 2022) (Updated as on August 23, 2022) (Updated as on June 20, 2018) (Updated as on August 02, 2017) (Updated as on April 12, 2017) (Updated as on February 11, 2016*) To, All Authorised Persons in Foreign Exchange Madam / Sir, Master Direction - Liberalised Remittance Scheme (LRS) The captioned Scheme was introduced on February 4, 2004, vide A.P. (DIR Series) Circular No.",RBI/FED/2017-18/3,"January 1, 2016; September 06, 2024; December 22, 2023; August 24, 2022; August 23, 2022","RBI/FED/2017-18/3 FED Master Direction No. 7/2015-16 January 1, 2016 (Updated as on September 06, 2024) (Updated as on December 22, 2023) (Updated as on August 24, 2022) (Updated as on August 23, 2022) (Updated as on June 20, 2018) (Updated as on August 02, 2017) (Updated as on April 12, 2017) (Updated as on February 11, 2016*) To, All Authorised Persons in Foreign Exchange Madam / Sir, Master Direction - Liberalised Remittance Scheme (LRS) The captioned Scheme was introduced on February 4, 2004, vide A.P. (DIR Series) Circular No. 64 dated February 4, 2004 read with GoI Notification G.S.R. No.207(E) dated March 23, 2004, as a liberalization measure to facilitate resident individuals to remit funds abroad for permitted current or capital account transactions or combination of both. These Regulations are amended from time to time to incorporate the changes in the regulatory framework and published through amendment notifications. 2. Within the contours of the Regulations, Reserve Bank of India also issues directions to Authorised Persons under Section 11 of the Foreign Exchange Management Act (FEMA), 1999. These directions lay down the modalities as to how the foreign exchange business has to be conducted by the Authorised Persons with their customers/constituents with a view to implementing the regulations framed. 3. This Master Direction consolidates the existing instructions on the ""Liberalised Remittance Scheme"" at one place. Reporting instructions can be found in Master Direction on Reporting (Master Direction No. 18 dated January 1, 2016) 4. It may be noted that, whenever necessary, Reserve Bank shall issue directions to Authorised Persons through A.P. (DIR Series) Circulars in regard to any change in the Regulations or the manner in which relative transactions are to be conducted by the Authorised Persons with their customers/ constituents. The Master Direction issued herewith shall be amended suitably simultaneously. Yours faithfully, (N. Senthil Kumar) Gener"
rbi_026468aa5a50,rbi_026468aa5a50.pdf,111,6708,https://rbidocs.rbi.org.in/rdocs/notification/PDFs/141MD7D7F25DEBF1F48449E20D685E4B014E5.PDF,"Master Direction on Regulation of Payment Aggregator (PA) The Reserve Bank of India had issued the ‘Guidelines on Regulation of Payment Aggregators and Payment Gateways’ vide circular DPSS.CO.PD.No.1810/02.14.008/2019-20 dated March 17, 2020 and CO.DPSS.POLC.No.S33/02-14-008/2020-2021 dated March 31, 2021 for regulation of entities that were engaged in online payment aggregation. Further, vide circular CO.DPSS.POLC.No.S-786/02-14-008/2023-24 dated October 31, 2023, directions were issued on ‘Regulation of Payme",RBI/DPSS/2025-26/141; CO.DPSS.POLC.N; DPSS.CO.PD.N; CO.DPSS.POLC.N; CO.DPSS.POLC.N,"September 15, 2025; March 17, 2020; March 31, 2021; October 31, 2023; April 16, 2024","भारतीय ǐरज़वर् बैंक RESERVE BANK OF INDIA www.rbi.org.in RBI/DPSS/2025-26/141 CO.DPSS.POLC.No.S-633/02-14-008/2025-26 September 15, 2025 All Payment System Providers and Payment System Participants / All Authorised Dealer banks / All Scheduled Commercial Banks Madam / Dear Sir, Master Direction on Regulation of Payment Aggregator (PA) The Reserve Bank of India had issued the ‘Guidelines on Regulation of Payment Aggregators and Payment Gateways’ vide circular DPSS.CO.PD.No.1810/02.14.008/2019-20 dated March 17, 2020 and CO.DPSS.POLC.No.S33/02-14-008/2020-2021 dated March 31, 2021 for regulation of entities that were engaged in online payment aggregation. Further, vide circular CO.DPSS.POLC.No.S-786/02-14-008/2023-24 dated October 31, 2023, directions were issued on ‘Regulation of Payment Aggregator – Cross Border (PA - Cross Border)’. 2. Subsequently on April 16, 2024, Reserve Bank of India, placed on its website, for public comments, the following draft directions on regulation of PA: (i) ‘New draft directions on regulation of Payment Aggregators – Physical Point of Sale’, and (ii) ‘Amendments to the existing directions on Payment Aggregators’. 3. On a review of the inputs received and in line with RBI’s endeavour to further rationalise the regulations, this comprehensive Master Direction is issued under Section 18 read with Section 10 (2) of the Payment and Settlement Systems Act, 2007, and Section 10 (4) and Section 11 (1) of the Foreign Exchange Management Act (FEMA), 1999 for regulation of various categories of PA. Yours faithfully, (Gunveer Singh) Chief General Manager-in-Charge Encl.: As above"
rbi_057b54ebdb67,rbi_057b54ebdb67.pdf,8,726,https://rbidocs.rbi.org.in/rdocs/notification/PDFs/NT517A41C334FB0A42BC9D58A37DE3793F4E.PDF,"Directions, 2016 (hereinafter referred to as Master Direction) in compliance of the provisions of the PML Act, 2002 and the Rules made thereunder. There is a need to further amend the same in order to enhance consumer protection and service. 2. Accordingly, in exercise of the powers conferred by sections 35A of the Banking Regulation Act, 1949, read with section 56 of the Act ibid, sections 45JA, 45K and 45L of the Reserve Bank of India Act,1934, section 10(2) read with section 18 of Payment and Settlement Systems Act, 2007, section 11(1) of the Foreign E",RBI/2025-26/51; DOR.AML.REC.30/14.01.001/2025-26,"June 12, 2025","RBI/2025-26/51 DOR.AML.REC.30/14.01.001/2025-26 June 12, 2025 Reserve Bank of India (Know Your Customer (KYC)) (Amendment) Directions, 2025 Reserve Bank had issued Reserve Bank of India (Know Your Customer (KYC)) Directions, 2016 (hereinafter referred to as Master Direction) in compliance of the provisions of the PML Act, 2002 and the Rules made thereunder. There is a need to further amend the same in order to enhance consumer protection and service. 2. Accordingly, in exercise of the powers conferred by sections 35A of the Banking Regulation Act, 1949, read with section 56 of the Act ibid, sections 45JA, 45K and 45L of the Reserve Bank of India Act,1934, section 10(2) read with section 18 of Payment and Settlement Systems Act, 2007, section 11(1) of the Foreign Exchange Management Act, 1999, Rule 9(14) of Prevention of Money-Laundering (Maintenance of Records) Rules, 2005 and all other laws enabling the Reserve Bank in this regard, the Reserve Bank being satisfied that it is necessary and expedient in the public interest to do so, hereby issues the Amendment Directions hereinafter specified. 3. (i) These Directions shall be called the Reserve Bank of India (Know Your Customer (KYC)) (Amendment) Directions, 2025. (ii) These directions shall come into force with immediate effect. 4. These Amendment Directions modify the Reserve Bank of India (Know Your Customer (KYC)) Directions, 2016 as under: (i) In the paragraph 38 of the Master Direction, a new clause shall be inserted before paragraph 38(a), namely: “Notwithstanding the provisions given above, in respect of an individual customer who is categorized as low risk, the RE shall allow all transactions and ensure the updation of Withdrawn"
rbi_0677da26583f,rbi_0677da26583f.pdf,1,243,https://rbidocs.rbi.org.in/rdocs/content/pdfs/110MD27022024_A6.pdf,"47 ANNEX VI Abbreviations AAS Auditor Allocation System AIFI All India Financial Institution ARC Asset Reconstruction Company CB Commercial Banks CIC Core Investment Company CIMS Centralised Information Management System CRILC Central Repository of Information on Large Credit DoS Department of Supervision FB Foreign Bank FC Financial Conglomerate HFC Housing Finance Company IBU International Financial Services Centre (IFSC) Banking Unit IFSC International Financial Services Centre LAB Local Area Bank LFAR Long Form Audit Report MSME Micro, Small and Medium Enterprise NABARD National Bank for Agriculture and Rural Development NABFID National Bank for Financing Infrastructure and Development N",,,"47 ANNEX VI Abbreviations AAS Auditor Allocation System AIFI All India Financial Institution ARC Asset Reconstruction Company CB Commercial Banks CIC Core Investment Company CIMS Centralised Information Management System CRILC Central Repository of Information on Large Credit DoS Department of Supervision FB Foreign Bank FC Financial Conglomerate HFC Housing Finance Company IBU International Financial Services Centre (IFSC) Banking Unit IFSC International Financial Services Centre LAB Local Area Bank LFAR Long Form Audit Report MSME Micro, Small and Medium Enterprise NABARD National Bank for Agriculture and Rural Development NABFID National Bank for Financing Infrastructure and Development NBFC Non-Banking Financial Company NBFC – BL NBFC – Base Layer NBFC – ICC NBFC – Investment and Credit Company NBFC – MFI NBFC – Micro Finance Institution NBFC – ML NBFC – Middle Layer NBFC – P2P NBFC – Peer to Peer Lending Platform NBFC – SPD NBFC – Standalone Primary Dealer NBFC – UL NBFC – Upper Layer NHB National Housing Bank OBU Offshore Banking Unit PAN Permanent Account Number PB Payment Bank PSB Public Sector Bank RNBC Residuary Non–Banking Finance Company RRB Regional Rural Bank SARFAESI Act Securitization and Reconstruction of Financial Assets and Enforcement of Security Interest Act SBA Statutory Branch Auditor SCA Statutory Central Auditor SCB Scheduled Commercial Bank SE Supervised Entity SFB Small Finance Bank SHG Self Help Group SIDBI Small Industries Development Bank of India SLR Statutory Liquidity Ratio UCB Primary (Urban) Co-operative Bank/ Urban Co-operative Banks XBRL eXtensible Business Reporting Language"
rbi_09d5ffb6b516,rbi_09d5ffb6b516.pdf,195,7187,https://rbidocs.rbi.org.in/rdocs/notification/PDFs/145MD.PDF,"Directions, 2025 Table of Contents Chapter I- Preliminary ......................................................................................................... 2 A. Short Title and Commencement .............................................................................. 2 B. Applicability .............................................................................................................. 2 C. Definitions ......................................................................................",RBI/DOR/2025-26/145; DOR.HOL.REC.64/16.13.100/2025-26,"November 28, 2025","भारतीय įरज़वर् बैंक RESERVE BANK OF INDIA RBI/DOR/2025-26/145 DOR.HOL.REC.64/16.13.100/2025-26 November 28, 2025 Reserve Bank of India (Commercial Banks – Acquisition and Holding of Shares or Voting Rights) Directions, 2025 Table of Contents Chapter I- Preliminary ......................................................................................................... 2 A. Short Title and Commencement .............................................................................. 2 B. Applicability .............................................................................................................. 2 C. Definitions ................................................................................................................. 3 Chapter II- Prior Approval for Acquisition ......................................................................... 6 A. Fit and Proper Criteria .............................................................................................. 6 B. Procedure for prior approval ................................................................................... 7 Chapter III- Continuous Monitoring Arrangements........................................................... 9 A. Due diligence ............................................................................................................ 9 B. Detecting violation of Section 12B (1) of the B R Act, 1949 ................................. 10 C. Reporting requirements ......................................................................................... 11 Chapter IV- Repeal and Other Provisions ........................................................................ 12 A. Repeal and saving .................................................................................................. 12 B. Application of other laws not barred..................................................................... 12 C. Interpretations ..................................................................."
rbi_0a21391a767b,rbi_0a21391a767b.pdf,65,2529,https://rbidocs.rbi.org.in/rdocs/notification/PDFs/142MD1111202598527CBD7B6D4BFC9792D568AD07F27D.PDF,"Master Direction – Reserve Bank of India (Repurchase Transactions (Repo)) Directions, 2025 Please refer to the Repurchase Transactions (Repo) (Reserve Bank) Directions, 2018 dated July 24, 2018, as amended from time to time. 2. The Central Government in exercise of the powers conferred by clause (e) of section 45U of the Reserve Bank of India Act, 1934 (2 of 1934), has specified the Municipal Debt Securities, having the meaning assigned to it in the Securities and Exchange Board of India Act, 1992 (15 of 1992)",RBI/FMRD/2025-26/142; FMRD.DIRD.04/14.03.038/2025-26,"November 11, 2025; July 24, 2018; October 22, 2025","RBI/FMRD/2025-26/142 FMRD.DIRD.04/14.03.038/2025-26 November 11, 2025 To All participants in repo market Dear Sir/Madam Master Direction – Reserve Bank of India (Repurchase Transactions (Repo)) Directions, 2025 Please refer to the Repurchase Transactions (Repo) (Reserve Bank) Directions, 2018 dated July 24, 2018, as amended from time to time. 2. The Central Government in exercise of the powers conferred by clause (e) of section 45U of the Reserve Bank of India Act, 1934 (2 of 1934), has specified the Municipal Debt Securities, having the meaning assigned to it in the Securities and Exchange Board of India Act, 1992 (15 of 1992) or the rules or regulations made thereunder, to be as security under the said section for the purposes of “repo” and “reverse repo” vide notification dated October 22, 2025 in the Official Gazette. 3. Accordingly, the aforesaid Directions are being updated to include Municipal Debt Securities as eligible securities for repo transactions. The Master Direction – Reserve Bank of India (Repurchase Transactions (Repo)) Directions, 2025, have been issued today and are enclosed herewith. 4. These Directions have been issued by the Reserve Bank in exercise of the powers conferred under section 45W of the Reserve Bank of India Act, 1934, read with section 45U of the Act and of all the powers enabling it in this behalf. 5. These Directions shall be applicable with immediate effect. Yours faithfully (Dimple Bhandia) Chief General Manager"
rbi_1bcf4994d997,rbi_1bcf4994d997.pdf,43,1999,https://rbidocs.rbi.org.in/rdocs/notification/PDFs/08MDROA112016989330DF1FF9494784DAC32B488E6AE4.PDF,"Master Direction No. 13/2015-16 January 1, 2016 (Updated as on June 29, 2026) (Updated as on April 28, 2016) To, All Authorised Dealer Category – I banks and Authorised banks Madam / Dear Sir, Master Direction - Remittance of Assets Remittance outside India by a person whether resident in India or not, of assets in India, are governed by section 47 of the Foreign Exchange Management Act, 1999 (FEMA) read with 1Notification No. FEMA 13(R)/2016-RB dated April 1, 2016. These Regulations are amended from time to ti",RBI/FED/2015-16/8,"January 1, 2016; June 29, 2026; April 28, 2016; April 1, 2016; January 01, 2016","RBI/FED/2015-16/8 FED Master Direction No. 13/2015-16 January 1, 2016 (Updated as on June 29, 2026) (Updated as on April 28, 2016) To, All Authorised Dealer Category – I banks and Authorised banks Madam / Dear Sir, Master Direction - Remittance of Assets Remittance outside India by a person whether resident in India or not, of assets in India, are governed by section 47 of the Foreign Exchange Management Act, 1999 (FEMA) read with 1Notification No. FEMA 13(R)/2016-RB dated April 1, 2016. These Regulations are amended from time to time to incorporate the changes in the regulatory framework and published through amendment notifications. 2. Within the contours of the Regulations, Reserve Bank of India also issues directions to Authorised Persons under Section 11 of the Foreign Exchange Management Act (FEMA), 1999. These directions lay down the modalities as to how the foreign exchange business has to be conducted by the Authorised Persons with their customers/constituents with a view to implementing the regulations framed. 3. Instructions issued on remittance of assets have been compiled in this Master Direction. The list of underlying circulars/ notifications which form the basis of this Master Direction is furnished in the Appendix. Reporting instructions can be found in Master Directions on reporting (Master Direction No. 18 dated January 01, 2016). 4. It may be noted that, whenever necessary, Reserve Bank shall issue directions to Authorised Persons through A.P. (DIR Series) Circulars in regard to any change in the Regulations or the manner in which relative transactions are to be conducted by the Authorised Persons with their customers/ constituents. The Master Direction issued herewith shall be amended suitably simultaneously. Yours faithfully, (N Senthil Kumar) Chief General Manager 1 FEM (Remittance of Assets) Regulations, 2000 was repealed and replaced by FEM (Remittance of Assets) Regulations, 2016 with effect from April 1, 2016."
rbi_1d8f74187225,rbi_1d8f74187225.pdf,201,8628,https://rbidocs.rbi.org.in/rdocs/notification/PDFs/143MD.PDF,"Guidelines, 2025 Table of Contents Chapter I: ‘On tap’ Licensing of Universal Banks in the Private Sector .......................... 3 A. Preamble ................................................................................................................... 3 B. Definitions ................................................................................................................. 3 C. Guidelines ....................................................................................................",RBI/DOR/2025-26/143,"November 28, 2025","भारतीय įरज़वर् बैंक RESERVE BANK OF INDIA RBI/DOR/2025-26/143 November 28, 2025 Reserve Bank of India (Universal Banks- Licensing) Guidelines, 2025 Table of Contents Chapter I: ‘On tap’ Licensing of Universal Banks in the Private Sector .......................... 3 A. Preamble ................................................................................................................... 3 B. Definitions ................................................................................................................. 3 C. Guidelines ............................................................................................................. 5 C.1 Eligible Promoters ................................................................................................. 5 C.2 ‘Fit and Proper’ criteria ......................................................................................... 6 C.3 Corporate structure ............................................................................................... 6 C.4 Minimum voting equity capital requirements and pattern of shareholding in the bank ........................................................................................................................ 7 C.5 Regulatory framework ........................................................................................... 9 C.6 Foreign shareholding in the bank ........................................................................ 9 C.7 Corporate Governance, Prudential and Exposure norms .................................. 9 C.8 Business Plan for the bank ................................................................................. 10 C.9 Other conditions for the bank ............................................................................. 10 C.10 Additional conditions for NBFCs promoting / converting into a bank ........... 12 D. Procedure for application ................................................................................... 12 E. Procedure "
rbi_1fbe5d3700a1,rbi_1fbe5d3700a1.pdf,93,3847,https://rbidocs.rbi.org.in/rdocs/notification/PDFs/137MDEF04E0A142F948C58A9503C136E565AF.PDF,"Master Direction – Reserve Bank of India (Electronic Trading Platforms) Directions, 2025 Please refer to Paragraph 1 of the Statement on Developmental and Regulatory Policies announced as a part of the Bi-monthly Monetary Policy Statement for 2023- 24 dated February 08, 2024, on review of the regulatory framework for Electronic Trading Platforms set out in the Electronic Trading Platforms (Reserve Bank) Directions, 2018 dated October 05, 2018. 2. The draft Master Direction - Reserve Bank of India (Electronic Tr",RBI/FMRD/2025-26/137; FMRD.MIOD.N,"June 16, 2025; February 08, 2024; October 05, 2018; April 29, 2024","RESERVE BANK OF INDIA www.rbi.org.in ͪ वत्तीय बाज़ार ͪ वǓनयमन ͪ वभाग,केंद्रȣय कायार्लय भवन, नौवीं मंिजल, शहȣद भगत ͧ संह मागर्, फोटर्, मुंबई–400001, भारत फोन: (91-22) 2260 1000, ई-मेल: cgmfmrd@rbi.org.in Financial Markets Regulation Department, Central Office Building, 9th Floor, Shahid Bhagat Singh Marg, Fort, Mumbai – 400001, India Tel: (91-22) 2260 1000, e-mail- cgmfmrd@rbi.org.in िहȽी आसान है, इसका प्रयोग बढ़ाइए RBI/FMRD/2025-26/137 FMRD.MIOD.No.02/14.03.027/2025-26 June 16, 2025 To All operators of Electronic Trading Platforms Madam/Sir, Master Direction – Reserve Bank of India (Electronic Trading Platforms) Directions, 2025 Please refer to Paragraph 1 of the Statement on Developmental and Regulatory Policies announced as a part of the Bi-monthly Monetary Policy Statement for 2023- 24 dated February 08, 2024, on review of the regulatory framework for Electronic Trading Platforms set out in the Electronic Trading Platforms (Reserve Bank) Directions, 2018 dated October 05, 2018. 2. The draft Master Direction - Reserve Bank of India (Electronic Trading Platforms) Directions, 2024, was placed on the Bank’s website on April 29, 2024, to invite comments/feedback from all stake holders. Based on the feedback received, the draft Directions have since been finalized and issued herewith. 3. These Directions have been issued by the Reserve Bank in exercise of the powers conferred under section 45W of the Reserve Bank of India Act, 1934, and of all the powers enabling it in this behalf. 4. These Directions shall be applicable with immediate effect. Yours faithfully (Dimple Bhandia) Chief General Manager"
rbi_1fca629b6da5,rbi_1fca629b6da5.pdf,216,13633,https://rbidocs.rbi.org.in/rdocs/notification/PDFs/10MD06102016E550559916C346E0BC93720658286729.PDF,"Master Direction No. 15/2015-16 January 1, 2016 (Updated as on June 24, 2021) (Updated as on September 18, 2019) (Updated as on January 04, 2018@) (Updated as on January 25, 2017) (Updated as on October 06, 2016*) To, All Authorised Dealer Category – I banks and Authorised banks Madam / Dear Sir, Master Direction – Direct Investment by Residents in Joint Venture (JV) / Wholly Owned Subsidiary (WOS) Abroad Direct investments by residents in Joint Venture (JV) and Wholly Owned Subsidiary (WOS) abroad are being al",RBI/FED/2015-16/10; FEMA.120/RB-2004,"January 1, 2016; June 24, 2021; September 18, 2019; January 04, 2018; January 25, 2017","RBI/FED/2015-16/10 FED Master Direction No. 15/2015-16 January 1, 2016 (Updated as on June 24, 2021) (Updated as on September 18, 2019) (Updated as on January 04, 2018@) (Updated as on January 25, 2017) (Updated as on October 06, 2016*) To, All Authorised Dealer Category – I banks and Authorised banks Madam / Dear Sir, Master Direction – Direct Investment by Residents in Joint Venture (JV) / Wholly Owned Subsidiary (WOS) Abroad Direct investments by residents in Joint Venture (JV) and Wholly Owned Subsidiary (WOS) abroad are being allowed, in terms of clause (a) of sub-section (3) of section 6 of the Foreign Exchange Management Act, 1999, (42 of 1999) read with Notification No. FEMA.120/RB-2004 dated July 7, 2004, (GSR 757 (E) dated November 19, 2004), viz. Foreign Exchange Management (Transfer or Issue of Any Foreign Security) Regulations, 2004. These Regulations are amended from time to time to incorporate the changes in the regulatory framework and published through amendment notifications. 2. Within the contours of the Regulations, Reserve Bank of India also issues directions to Authorised Persons under Section 11 of the Foreign Exchange Management Act (FEMA), 1999. These directions lay down the modalities as to how the foreign exchange business has to be conducted by the Authorised Persons with their customers/ constituents with a view to implementing the regulations framed. 3. Instructions issued on Direct Investment by Residents in Joint Venture (JV)/ Wholly Owned Subsidiary (WOS) Abroad have been compiled in this Master Direction. The list of underlying circulars/ notifications which form the basis of this Master Direction is furnished in the Appendix. Reporting instructions can be found in Master Direction on Reporting (Master Direction No. 18 dated January 1, 2016) @ Master Direction has been amended incorporating the changes issued vide a) A.P. (DIR Series) Circular No. 6 dated October 20, 2016 b) A.P. (DIR Series) Circular No. 28 dated January 25, 2017 *"
rbi_318a69a1c58c,rbi_318a69a1c58c.pdf,13,1955,https://rbidocs.rbi.org.in/rdocs/content/pdfs/Utkarsh202910042026.pdf,,,,
rbi_322d0f777b5e,rbi_322d0f777b5e.pdf,64,3094,https://rbidocs.rbi.org.in/rdocs/notification/PDFs/05MD56DF4232873F466191DC23F39F1012DD.PDF,"Master Direction No. 9/2015-16 January 1, 2016 (Updated as on December 07, 2021) (Updated as on November 17, 2016) To, All Authorised Persons in Foreign Exchange Madam / Sir, Master Direction - Insurance Issuance of insurance is regulated under sub-section (2) of Section 47 of the Foreign Exchange Management Act, 1999, (42 of 1999), read with Notification No.1/2000-RB dated May 03, 2000 and 12(R)/2015-RB, dated December 29, 2015. These Regulations are amended from time to time to incorporate the changes in the",RBI/FED/2015-16/5,"January 1, 2016; December 07, 2021; November 17, 2016; May 03, 2000; December 29, 2015","RBI/FED/2015-16/5 FED Master Direction No. 9/2015-16 January 1, 2016 (Updated as on December 07, 2021) (Updated as on November 17, 2016) To, All Authorised Persons in Foreign Exchange Madam / Sir, Master Direction - Insurance Issuance of insurance is regulated under sub-section (2) of Section 47 of the Foreign Exchange Management Act, 1999, (42 of 1999), read with Notification No.1/2000-RB dated May 03, 2000 and 12(R)/2015-RB, dated December 29, 2015. These Regulations are amended from time to time to incorporate the changes in the regulatory framework and published through amendment notifications. 2. Within the contours of the Regulations, Reserve Bank of India also issues directions to Authorised Persons under Section 11 of the Foreign Exchange Management Act (FEMA), 1999. These directions lay down the modalities as to how the foreign exchange business has to be conducted by the Authorised Persons with their customers/ constituents with a view to implementing the regulations framed. 3. This Master Direction consolidates the existing instructions on the subject of ""Insurance"" at one place. Reporting instructions, if any, can be found in Master Direction on Reporting (Master Direction No. 18 dated January 01, 2016). 4. It may be noted that, whenever necessary, Reserve Bank shall issue directions to Authorised Persons through A.P. (DIR Series) Circulars in regard to any change in the Regulations or the manner in which relative transactions are to be conducted by the Authorised Persons with their customers/ constituents. The Master Direction issued herewith shall be amended suitably simultaneously. Yours faithfully, (R. S. Amar) Chief General Manager"
rbi_3cb66d5e5857,rbi_3cb66d5e5857.pdf,119,5874,https://rbidocs.rbi.org.in/rdocs/notification/PDFs/117MDRBIOTCDERIVATIVES20245DEA695183554A20B155CE65F58944DD.PDF,"Master Direction – Reserve Bank of India (Margining for Non-Centrally Cleared OTC Derivatives) Directions, 2024 Please refer to Paragraph 10 of the Statement on Developmental and Regulatory Policies announced as a part of the Bi-monthly Monetary Policy Statement for 2019- 20 dated February 06, 2020, on issuance of the Directions regarding exchange of variation margin (VM) and initial margin (IM) for non-centrally cleared derivatives (NCCDs). 2. The Master Direction – Reserve Bank of India (Variation Margin) Dir",RBI/FMRD/2024-25/117; FMRD.DIRD.01/14.01.023/2024-25,"May 08, 2024; February 21, 2025; February 06, 2020; June 01, 2022; June 16, 2022","भारतीय įरज़वर् बैंक RESERVE BANK OF INDIA ͪ वत्तीय बाज़ार ͪ वǓनयमन ͪ वभाग, केंद्रȣय कायार्लय, 9वी मंिजल, केन्द्रȣय कायार्लय भवन, शहȣद भगत ͧ संह मागर्, फोटर्, मुंबई – 400 001 फोन: (91-22) 2260 1000, फैक्स: (91-22) 22702290, ई-मेल: cgmfmrd@rbi.org.in Financial Markets Regulation Department, Central Office, 9th Floor, Central Office Building, Shahid Bhagat Singh Road, Fort, Mumbai – 400 001 Tel: (91-22) 2260 1000, Fax: (91-22) 22702290, E-mail: cgmfmrd@rbi.org.in िहन्दी आसान है, इसका ᮧयोग बढ़ाइए RBI/FMRD/2024-25/117 FMRD.DIRD.01/14.01.023/2024-25 May 08, 2024 (Updated as on February 21, 2025) To All eligible market participants Madam/Sir Master Direction – Reserve Bank of India (Margining for Non-Centrally Cleared OTC Derivatives) Directions, 2024 Please refer to Paragraph 10 of the Statement on Developmental and Regulatory Policies announced as a part of the Bi-monthly Monetary Policy Statement for 2019- 20 dated February 06, 2020, on issuance of the Directions regarding exchange of variation margin (VM) and initial margin (IM) for non-centrally cleared derivatives (NCCDs). 2. The Master Direction – Reserve Bank of India (Variation Margin) Directions, 2022 was issued on June 01, 2022 and the draft Directions prescribing guidelines for exchange of initial margin for NCCDs were issued on June 16, 2022. Based on the feedback received from the market participants, the draft Directions have since been finalised. The Master Direction – Reserve Bank of India (Margining for Non-Centrally Cleared OTC Derivatives) Directions, 2024 is enclosed herewith. 3. These Directions have been issued in exercise of the powers conferred under Section 45W of the Reserve Bank of India Act, 1934 and Sections 10(4) and 11(1) of the Foreign Exchange Management Act, 1999 (42 of 1999) and of all the powers enabling it in this behalf. Yours faithfully, (Dimple Bhandia) Chief General Manager"
rbi_3d39c4029ff8,rbi_3d39c4029ff8.pdf,101,6442,https://rbidocs.rbi.org.in/rdocs/notification/PDFs/06MDE170516F633150EBCFE438084174F7DECCDC20C.PDF,"Master Direction No.10/2015-16 January 01, 2016 (Updated as on May 18, 2021) (Updated as on March 29, 2019) (Updated as on February 28, 2019) (Updated as on May 10, 2018) (Updated as on May 17, 2016) To, All Authorised Dealer Category – I banks Dear Madam / Sir, Master Direction - Establishment of Branch Office (BO)/ Liaison Office (LO)/ Project Office (PO) or any other place of business in India by foreign entities Establishment of branch office/ liaison office / project office or any other place of business i",RBI/FED/2015-16/6,"January 01, 2016; May 18, 2021; March 29, 2019; February 28, 2019; May 10, 2018","RBI/FED/2015-16/6 FED Master Direction No.10/2015-16 January 01, 2016 (Updated as on May 18, 2021) (Updated as on March 29, 2019) (Updated as on February 28, 2019) (Updated as on May 10, 2018) (Updated as on May 17, 2016) To, All Authorised Dealer Category – I banks Dear Madam / Sir, Master Direction - Establishment of Branch Office (BO)/ Liaison Office (LO)/ Project Office (PO) or any other place of business in India by foreign entities Establishment of branch office/ liaison office / project office or any other place of business in India by foreign entities is regulated in terms of Section 6(6) of Foreign Exchange Management Act, 1999 read with 1Notification No. FEMA 22(R)/2016-RB dated March 31, 2016. These Regulations are amended from time to time to incorporate the changes in the regulatory framework and published through amendment notifications. 2. Within the contours of the Regulations, Reserve Bank of India also issues directions to Authorised Persons under Section 11 of the Foreign Exchange Management Act (FEMA), 1999. These directions lay down the modalities as to how the foreign exchange business has to be conducted by the Authorised Persons with their customers/constituents with a view to implementing the regulations framed. 1 Notification No. FEMA 22/2000-RB dated May 3, 2000, on Foreign Exchange Management (establishment in India of Branch or office or other place of business) Regulation was repealed and replaced by Notification No. FEMA 22(R)/2016-RB dated March 31, 2016 with effect from March 31, 2016."
rbi_40f735730bd1,rbi_40f735730bd1.pdf,347,19231,https://rbidocs.rbi.org.in/rdocs/notification/PDFs/11MDEGS1205163428383952204B77831A3A086E82FDDF.PDF,"Master Direction No. 16/2015-16 January 1, 2016 (Updated as on July 17, 2026) (Updated as on June 05, 2026) (Updated as on January 12, 2026) (Updated as on November 14, 2025) (Updated as on October 09, 2025) (Updated as on October 01, 2025) (Updated as on August 05, 2025) (Updated as on April 29, 2025) (Updated as on April 23, 2025) (Updated as on March 17, 2025) (Updated as on January 16, 2025) (Updated as on August 29, 2024) (Updated as on November 22, 2022) (Updated as on January 08, 2021) (Updated as on Oct",RBI/FED/2015-16/11,"January 1, 2016; July 17, 2026; June 05, 2026; January 12, 2026; November 14, 2025","RBI/FED/2015-16/11 FED Master Direction No. 16/2015-16 January 1, 2016 (Updated as on July 17, 2026) (Updated as on June 05, 2026) (Updated as on January 12, 2026) (Updated as on November 14, 2025) (Updated as on October 09, 2025) (Updated as on October 01, 2025) (Updated as on August 05, 2025) (Updated as on April 29, 2025) (Updated as on April 23, 2025) (Updated as on March 17, 2025) (Updated as on January 16, 2025) (Updated as on August 29, 2024) (Updated as on November 22, 2022) (Updated as on January 08, 2021) (Updated as on October 19, 2020) (Updated as on January 12, 2018) (Updated as on November 16, 2017) (Updated as on September 15, 2017) (Updated as on May 26, 2016) (Updated as on May 12, 2016) To, All Authorised Dealer Category – I banks Madam / Sir, Master Direction – Export of Goods and Services Export of Goods and Services from India is governed by Section 7 of the Foreign Exchange Management Act 1999 (42 of 1999), read with Notification No. G.S.R. 381(E) dated May 3, 2000 viz. Foreign Exchange Management (Current Account Transactions) Rules, 2000 and 1FEMA Notification No.23(R)/2015-RB dated January 12, 2016. These Regulations are amended from time to time to incorporate the changes in the regulatory framework and published through amendment notifications. 2. Within the contours of the Regulations, Reserve Bank of India also issues directions to Authorised Persons under Section 10(4) and Section 11(1) of the Foreign Exchange Management Act (FEMA), 1999. These directions lay down the modalities as to how the foreign exchange business has to be conducted by the Authorised Persons with their customers/ constituents with a view to implementing the regulations framed. 3. Instructions issued on export of goods and services from India have been compiled in this Master Direction. The list of underlying circulars/ notifications which form the basis of this Master Direction is furnished in the Appendix. Reporting instructions can be found in Master Directions o"
rbi_47aef00b2e56,rbi_47aef00b2e56.pdf,19,508,https://rbidocs.rbi.org.in/rdocs/content/pdfs/110MD27022024_A2.pdf,"Directions With the issuance of these Directions, the instructions/guidelines contained in the following circulars/notifications, issued by the Reserve Bank stand repealed. Sr. No Subject Circular/ Reference/ Notification No. Date For Commercial Banks (excluding RRB) and select AIFIs 1. Section 27(2) of the Banking Regulation Act, 1949 - Supervisory Reporting System for Banks D.O.No.DOS.PS.SRS.Bks.01/15.02.80 0/94-95 February 28, 1995 2. Supervisory Reporting System - DSB Returns (First Tranche) DOS.No.OSM.SRS.BKS.74/15.02.800/ 95-96 November",DOS.PS.SRS.B; DOS.N; OSM.SRS.BKS.74/15.02.800/; DOS/OSM.SRS.BKS.208/15.02.800/96; DBS.BC.N,"February 28, 1995; November 23, 1995; March 21, 1997; July 17, 1999; August 12, 1999","12 ANNEX II List of circulars / notifications repealed with issuance of these Directions With the issuance of these Directions, the instructions/guidelines contained in the following circulars/notifications, issued by the Reserve Bank stand repealed. Sr. No Subject Circular/ Reference/ Notification No. Date For Commercial Banks (excluding RRB) and select AIFIs 1. Section 27(2) of the Banking Regulation Act, 1949 - Supervisory Reporting System for Banks D.O.No.DOS.PS.SRS.Bks.01/15.02.80 0/94-95 February 28, 1995 2. Supervisory Reporting System - DSB Returns (First Tranche) DOS.No.OSM.SRS.BKS.74/15.02.800/ 95-96 November 23, 1995 3. Supervisory Reporting System - DSB Returns - Offsite Monitoring and Surveillance DOS/OSM.SRS.BKS.208/15.02.800/96 -97 March 21, 1997 4. Introduction of Second Tranche of DSB Returns DBS.BC.No.OSMOS.2/33.01.001.15/9 8-99 July 17, 1999 5. Supervisory Reporting System – DSB Returns- Data Quality DBS.CO.No.OSMOS.BC.5/33.01.001/1 999-2000 August 12, 1999 6. Exposure to Sensitive Sectors DBS.CO.No.OSMOS.BC.7/33.01.001/1 999-2000 September 15, 1999 7. Annexure -1 of “Report of the Working Group on Supervision of Foreign Branches of Indian Banks – Reporting System for Overseas Branches of Indian Banks” DBS.No.FBC.BC.34/13.12.001/99- 2000 April 6, 2000 8. Supervisory Reporting System - DSB Returns (Second Tranche) DBS.CO.OSMOS.BC.37/33.01.001/199 9-2000 June 16, 2000 9. Off-site Monitoring and Surveillance System - DSB Returns DBS.No.OSMOS.BC.1/33.01.001/2000 -01 July 5, 2000 10. Supervisory Reporting System – Offsite Monitoring and Surveillance DBS.No.OSMOS.BC.4/33.01.001/2000 -01 October 18, 2000"
rbi_49359a783c04,rbi_49359a783c04.pdf,101,5932,https://rbidocs.rbi.org.in/rdocs/notification/PDFs/135MD89B55F672F36443FA02C0C53DC207FFF.PDF,"Master Direction No.04/2025-26 April 22, 2025 (Updated as on April 24, 2025) To, All Authorised Dealer Category – I banks and Authorised banks Madam / Sir, Master Directions - Compounding of Contraventions under FEMA, 1999 The provisions of section 15 of Foreign Exchange Management Act, 1999 (42 of 1999) [hereinafter referred to as ‘FEMA, 1999’], enable compounding of contraventions and, empowers the Reserve Bank to compound any contravention as defined under section 13 of the FEMA, 1999, except the contraventi",RBI/FED/2025-26/135,"April 22, 2025; April 24, 2025; September 12, 2024","RBI/FED/2025-26/135 FED Master Direction No.04/2025-26 April 22, 2025 (Updated as on April 24, 2025) To, All Authorised Dealer Category – I banks and Authorised banks Madam / Sir, Master Directions - Compounding of Contraventions under FEMA, 1999 The provisions of section 15 of Foreign Exchange Management Act, 1999 (42 of 1999) [hereinafter referred to as ‘FEMA, 1999’], enable compounding of contraventions and, empowers the Reserve Bank to compound any contravention as defined under section 13 of the FEMA, 1999, except the contraventions under section 3 (a) of FEMA, 1999, on an application made by the person committing such contravention. Government of India vide Notification G.S.R. 566 (E). dated September 12, 2024, has notified the Foreign Exchange (Compounding Proceedings) Rules, 2024 in supersession of the Foreign Exchange (Compounding Proceedings) Rules, 2000. 2. Instructions issued on ""Compounding of Contraventions under FEMA, 1999"" have been compiled in this Master Direction. The list of underlying circulars/ notifications which form the basis of this Master Direction is furnished in the Appendix. 3. Further, in terms of Section 11 (2) of FEMA, 1999, the Reserve Bank may, for the purpose of ensuring the compliance with the provisions of the Act or of any rule, regulation, notification, direction or order made thereunder, direct any authorized person to furnish such information, in such manner, as it deems fit. Authorised Dealers are therefore, advised to take necessary steps to ensure that checks and balances are incorporated in systems relating to dealing with and reporting of foreign exchange"
rbi_5f4b43f9cb5e,rbi_5f4b43f9cb5e.pdf,66,3256,https://rbidocs.rbi.org.in/rdocs/notification/PDFs/02MD787706E669D641C090B415DBE22DEE29.PDF,"Master Direction No. 6/2015-16 January 1, 2016 (Updated as on September 08, 2026) (Updated as on February 16, 2026) To All Authorised Dealer Category – I banks and Authorised Banks Madam/ Dear Sir, Master Direction – Borrowing and Lending transactions in Indian Rupee between Persons Resident in India and Non-Resident Indians/ Persons of Indian Origin Borrowing and lending transactions in Indian Rupees (INR) between persons resident in India and Non-Resident Indians/Persons of Indian Origin are governed by claus",RBI/FED/2015-16/2,"January 1, 2016; September 08, 2026; February 16, 2026; May 3, 2000; January 01, 2016","RBI/FED/2015-16/2 FED Master Direction No. 6/2015-16 January 1, 2016 (Updated as on September 08, 2026) (Updated as on February 16, 2026) To All Authorised Dealer Category – I banks and Authorised Banks Madam/ Dear Sir, Master Direction – Borrowing and Lending transactions in Indian Rupee between Persons Resident in India and Non-Resident Indians/ Persons of Indian Origin Borrowing and lending transactions in Indian Rupees (INR) between persons resident in India and Non-Resident Indians/Persons of Indian Origin are governed by clause (e) of sub-section 3 of section 6 of the Foreign Exchange Management Act, 1999 read with Foreign Exchange Management (Borrowing and Lending in Rupees) Regulations, 2000, notified vide Notification No. FEMA 4/2000-RB dated May 3, 2000. These Regulations are amended from time to time to incorporate the changes in the regulatory framework and published through amendment notifications. 2. Within the contours of the Regulations, Reserve Bank of India also issues directions to Authorised Persons under Section 11 of the Foreign Exchange Management Act (FEMA), 1999. These directions lay down the modalities as to how the foreign exchange business has to be conducted by the Authorised Persons with their customers/constituents with a view to implementing the regulations framed. 3. Instructions issued in respect of aforesaid transactions have been compiled in this Master Direction as also instructions regarding overdraft in INR account maintained by a bank outside India with an authorised dealer in India since the latter set of instructions are also part of aforesaid Regulations. The list of underlying notifications/ circulars which form the basis of this Master Direction is furnished in the Appendix. Reporting instructions can be found in Master Direction on reporting (Master Direction No. 18 dated January 01, 2016) 4. It may be noted that, whenever necessary, Reserve Bank shall issue directions to Authorised Persons through A.P. (DIR Series) Circ"
rbi_6b7a5215284a,rbi_6b7a5215284a.pdf,15,746,https://rbidocs.rbi.org.in/rdocs/content/pdfs/110MD27022024_A1.pdf,"Directions The revisions made under this Directions are summarised below: I. Changes in instructions for Commercial Banks Return Name Existing guidelines Revised guidelines All Audited Returns Within 7 days from the date of completion of statutory audit of books of accounts. Within 5 working days from the date of signing of the Auditor’s report in terms of section 134 of the Companies Act, 2013. Balance Sheet Analysis (BSA) – Annual Return For Audited Return - Immediately on completion of statutory audit of books of accounts. For Audited Return",,,"9 ANNEX I Summary of changes to the existing circulars / Directions The revisions made under this Directions are summarised below: I. Changes in instructions for Commercial Banks Return Name Existing guidelines Revised guidelines All Audited Returns Within 7 days from the date of completion of statutory audit of books of accounts. Within 5 working days from the date of signing of the Auditor’s report in terms of section 134 of the Companies Act, 2013. Balance Sheet Analysis (BSA) – Annual Return For Audited Return - Immediately on completion of statutory audit of books of accounts. For Audited Return - Within 5 working days from the date of signing of the Auditor’s report in terms of section 134 of the Companies Act, 2013. Interest Rate Sensitivity Return (IRS) Returns for the quarter ending months i.e., June, September, December and March may be submitted within in 21 days. Returns for all the months shall be submitted within 15 days. Allocation of branches to Statutory Branch Auditors (SBAs) by Public Sector Banks (PSBs) The timelines are specified every year. Confidential Letter on Appointment of SBAs is issued by the RBI to each PSB separately. One month for the banks to update the allocated branches online in the AAS system of the RBI from the date of the appointment of SBAs. Half yearly/ Quarterly Review of Accounts of Public Sector Banks – Review Report by Statutory Central Auditors (SCAs) As and when provided by SCAs. Within 21 days (inclusive) from the date of receipt of the report from the SCAs in the matter. Half yearly/ Quarterly Review of Accounts of Public Sector Banks – Review of Accounts As and when provided by SCAs. Within 21 days (inclusive) from the date of receipt of the report from the SCAs in the matter. Local Area Banks (LABs) - Designating officials responsible for correct and timely submission of data ‘Two senior officials may be designated who would be responsible for the correct compilation and timely submission of the returns and who LABs"
rbi_6e9017105043,rbi_6e9017105043.pdf,46,4451,https://rbidocs.rbi.org.in/rdocs/notification/PDFs/144MD.PDF,"Guidelines, 2025 (Updated as on April 1, 2026) A. Background The global financial crisis of 2008 demonstrated that the growing complexity and interconnectedness of financial institutions, coupled with the lack of effective cross- border resolution regimes, severely constrained the ability of home and host authorities to cope with the failure of too big to fail (TBTF) and too connected to fail (TCTF) institutions. Globally, several policy options have been proposed to address these challenges, including me",RBI/DOR/2025-26/144,"November 28, 2025; April 1, 2026","भारतीय įरज़वर् बैंक RESERVE BANK OF INDIA RBI/DOR/2025-26/144 November 28, 2025 Reserve Bank of India (Setting Up of Wholly Owned Subsidiaries by Foreign Banks) Guidelines, 2025 (Updated as on April 1, 2026) A. Background The global financial crisis of 2008 demonstrated that the growing complexity and interconnectedness of financial institutions, coupled with the lack of effective cross- border resolution regimes, severely constrained the ability of home and host authorities to cope with the failure of too big to fail (TBTF) and too connected to fail (TCTF) institutions. Globally, several policy options have been proposed to address these challenges, including measures to contain the negative externalities arising out of size and interconnectedness, strengthening the capital and liquidity buffers, and enhancing the resolvability of such institutions. The lessons from the global financial crisis support the case for domestic incorporation of foreign banks. The main advantages of local incorporation include: (1) Creation of separate legal entities with their own capital base and local board of directors; (2) Clear delineation between the assets and liabilities of the domestic bank and those of its foreign parent, with ring fenced capital and assets within the host country; (3) Clarity and certainty regarding the applicability of the laws of country of incorporation on the locally incorporated subsidiary; (4) A locally incorporated bank has its own board of directors which are required to act in the best interests of the bank and safeguard the interests of depositors and creditors; (5) Local incorporation provides effective control to the local regulators. Accordingly, several jurisdictions require foreign banks to adopt local incorporation mainly for (i) protecting local retail depositors, (ii) easing the resolution process, and (iii) affording greater regulatory comfort."
rbi_73715b7cdced,rbi_73715b7cdced.pdf,274,9687,https://rbidocs.rbi.org.in/rdocs/notification/PDFs/04MD5127742FD0914D54B5EC4ECA8076F325.PDF,"Master Direction No. 8/2015-16 January 1, 2016 (Updated as on May 06, 2026) (Updated as on March 10, 2026) (Updated as on January 12, 2026) (Updated as on November 28, 2025) (Updated as on September 06, 2024) (Updated as on April 03, 2024) (Updated as on November 6, 2018) (Updated as on February 11, 2016) To, All Authorised Persons in Foreign Exchange Madam / Sir, Master Direction - Other Remittance Facilities Miscellaneous remittance facilities for residents are allowed in terms of Section 5 of the Foreign Exc",RBI/FED/2015-16/4,"January 1, 2016; May 06, 2026; March 10, 2026; January 12, 2026; November 28, 2025","0 RBI/FED/2015-16/4 FED Master Direction No. 8/2015-16 January 1, 2016 (Updated as on May 06, 2026) (Updated as on March 10, 2026) (Updated as on January 12, 2026) (Updated as on November 28, 2025) (Updated as on September 06, 2024) (Updated as on April 03, 2024) (Updated as on November 6, 2018) (Updated as on February 11, 2016) To, All Authorised Persons in Foreign Exchange Madam / Sir, Master Direction - Other Remittance Facilities Miscellaneous remittance facilities for residents are allowed in terms of Section 5 of the Foreign Exchange Management Act, 1999, read with Government of India Notification No. G.S.R 381(E) dated May 3, 2000. These Rules/ Regulations are amended from time to time to incorporate the changes in the regulatory framework and published through amendment notifications. 2. Within the contours of the Rules/ Regulations, Reserve Bank of India also issues directions to Authorised Persons under Section 11 of the Foreign Exchange Management Act (FEMA), 1999. These directions lay down the modalities as to how the foreign exchange business has to be conducted by the Authorised Persons with their customers/constituents with a view to implementing the regulations framed. 3. Instructions issued on remittance facilities for residents have been compiled in this Master Direction. The list of underlying circulars/ notifications which form the basis of this Master Direction is furnished in the Appendix. Reporting instructions can be found in Master Directions on reporting (Master Direction No. 18 dated January 01, 2016) 4. It may be noted that, whenever necessary, Reserve Bank shall issue directions to Authorised Persons through A.P. (DIR Series) Circulars in regard to any change in the Regulations or the manner in which relative transactions are to be conducted by the Authorised Persons with their customers/ constituents. The Master Direction issued herewith shall be amended suitably simultaneously. Yours faithfully, (N. Senthil Kumar)"
rbi_767af85a5398,rbi_767af85a5398.pdf,130,9066,https://rbidocs.rbi.org.in/rdocs/notification/PDFs/121MDOI2507202427D16C96B42C4E0B849FFD9732752B68.PDF,"Master Direction No.15/2024-25 July 24, 2024 (Updated as on April 01, 2026) (Updated as on November 28, 2025) To All Authorised Dealer Category – I banks Madam/Sir Master Direction - Overseas Investment Overseas Investments by persons resident in India are governed by the provisions of Foreign Exchange Management (Overseas Investment) Rules, 2022 (OI Rules) notified by the Central Government vide Notification No. G.S.R. 646(E) dated August 22, 2022 and Foreign Exchange Management (Overseas Investment) Regulatio",RBI/FED/2024-25/121,"July 24, 2024; April 01, 2026; November 28, 2025; August 22, 2022; August 22, 2022","1 RESERVE BANK OF INDIA www.rbi.org.in RBI/FED/2024-25/121 FED Master Direction No.15/2024-25 July 24, 2024 (Updated as on April 01, 2026) (Updated as on November 28, 2025) To All Authorised Dealer Category – I banks Madam/Sir Master Direction - Overseas Investment Overseas Investments by persons resident in India are governed by the provisions of Foreign Exchange Management (Overseas Investment) Rules, 2022 (OI Rules) notified by the Central Government vide Notification No. G.S.R. 646(E) dated August 22, 2022 and Foreign Exchange Management (Overseas Investment) Regulations, 2022 (OI Regulations) notified by the Reserve Bank vide Notification No. FEMA 400/2022-RB dated August 22, 2022. 2. In terms of Rule 3 of OI Rules, the Reserve Bank is empowered to administer these Rules and to issue regulations and directions/ circulars as it may deem necessary, for the effective implementation of the provisions of these Rules. The Reserve Bank, therefore, issues directions to Authorised Persons under Section 11 of the Foreign Exchange Management Act (FEMA), 1999. These directions lay down the modalities as to how the foreign exchange business has to be conducted by the Authorised Persons with their customers/ constituents with a view to implementing the OI Rules and the OI Regulations. 3. Instructions issued on Overseas Investment by persons resident in India have been compiled in this Master Direction. The list of underlying circulars which form the basis of this Master Direction is furnished in the Annex I. Reporting instructions related to Overseas Investment are provided in Part VIII of Master Direction no. 18 on ‘Reporting under Foreign Exchange Management Act, 1999’ dated January 01, 2016. AD Category-I Banks may bring the contents of these Directions to the notice of their customers / constituents concerned."
rbi_77b85ad5f8a0,rbi_77b85ad5f8a0.pdf,346,16725,https://rbidocs.rbi.org.in/rdocs/notification/PDFs/149MD.PDF,"Directions, 2025 Table of Contents Chapter-I Preliminary ............................................................................................................. 3 A. Short title and commencement ............................................................................... 3 B. Applicability .............................................................................................................. 3 C. Definitions ..................................................................................",RBI/DOR/2025-26/149; DOR.HGG.GOV.,"November 28, 2025","भारतीय įरज़वर् बैंक RESERVE BANK OF INDIA RBI/DOR/2025-26/149 DOR.HGG.GOV. No.68/29.67.001/2025-26 November 28, 2025 Reserve Bank of India (Commercial Banks - Governance) Directions, 2025 Table of Contents Chapter-I Preliminary ............................................................................................................. 3 A. Short title and commencement ............................................................................... 3 B. Applicability .............................................................................................................. 3 C. Definitions ................................................................................................................. 4 Chapter-II Public Sector Banks ............................................................................................. 7 A. Role of the Board ..................................................................................................... 7 B. Board Structure and Practices ................................................................................ 7 C. Committees of the Board ......................................................................................... 9 D. Fit and Proper’ Criteria for Elected Directors ...................................................... 11 E. Appointment of Chief Risk Officer ........................................................................ 16 F. Appointment of Chief Vigilance Officer ................................................................ 17 G. Appointment of Chief Financial Officer and Chief Technical Officer ................ 17 H. Appointment of Company Secretary .................................................................... 18 I. Appointment of Nominee Directors on assisted companies ............................. 18 Chapter-III Private Sector Banks ......................................................................................... 21 A. Constitution of Board and Appointment of Directors"
rbi_793cf2e6122d,rbi_793cf2e6122d.pdf,5,175,https://rbidocs.rbi.org.in/rdocs/content/pdfs/110MD27022024_A5.pdf,"46 ANNEX V Details of online portals for submission of returns by Supervised Entities I. Important Instructions 1. RBI has introduced various online portals for filing of all the applicable online returns by the SEs. List of online reporting portals is available on the Bank’s website. 2. Login Credentials to access online return portals: Each SE is provided with a Super User Credential with defined access rights who, in turn, can create other users (with different roles such as Maker and Checker) for their entity with required access rights. Entities can monitor the status of their returns’ submission on the portal. 3. Returns in Hard Copy: At present the following returns are to be submitte",,,"46 ANNEX V Details of online portals for submission of returns by Supervised Entities I. Important Instructions 1. RBI has introduced various online portals for filing of all the applicable online returns by the SEs. List of online reporting portals is available on the Bank’s website. 2. Login Credentials to access online return portals: Each SE is provided with a Super User Credential with defined access rights who, in turn, can create other users (with different roles such as Maker and Checker) for their entity with required access rights. Entities can monitor the status of their returns’ submission on the portal. 3. Returns in Hard Copy: At present the following returns are to be submitted in hard copy or through email: a. Whole Bank Long Form Audit Report and Compliance thereof – All CBs b. Half-Yearly Review of Investment Portfolio – All CBs c. Form A Certificate – All NBFCs These returns may continue be submitted in hard copy, or, through e-mails as prescribed, till provisions are made for submission of these returns through online portals."
rbi_830b70fb1f29,rbi_830b70fb1f29.pdf,3,297,https://rbidocs.rbi.org.in/rdocs/content/pdfs/Accessibility20012026.pdf,"Guidelines (WCAG) 2.2, Level AA issued by the Web Accessibility Initiative (WAI) of the World Wide Web Consortium (W3C), Indian Standard (IS) 17802 and Guidelines for Indian Government Websites (GIGW) 3.0. Feedback and Contact Information We appreciate any feedback, suggestions, questions or concerns about the accessibility of our website. Please reach out to us at helpdoc@rbi.org.in. The Accessibility Statement is dated November 28, 2025.",,"November 28, 2025","Accessibility Statement Official website of Reserve Bank of India (Version 2.2) Reserve Bank of India is committed to ensuring digital accessibility to all, including people with disabilities. To meet this commitment, the official website of Reserve Bank of India strives to be accessible and has been tested by people with disabilities using various assistive technologies. Using the website with various Assistive Technologies Our goal is to ensure that this website is accessible to as many user groups as possible. The website ensures: • Navigating to the website pages using a keyboard or speech recognition software such as Dragon Naturally Speaking. • Navigating and operating the website by listening to it through screen readers such as JAWS, NVDA, Narrator and VoiceOver. • Accessing the website by using assistive technology such as ZoomText. Accessibility of this website General accessibility successes and areas of conformance • All interactive elements are keyboard operable. • No keyboard trap was found while navigating through the pages of the website using a keyboard. • Form controls have programmatically defined labels. • Links have unique and descriptive text that clearly describes their destination target. • When any component receives focus, it does not initiate a change of context. • Sufficient color contrast is used for displaying the textual information. • Plain text is used to present information rather than images of text. Compliance status This site conforms to Web Content Accessibility Guidelines (WCAG) 2.2, Level AA issued by the Web Accessibility Initiative (WAI) of the World Wide Web Consortium (W3C), Indian Standard (IS) 17802 and Guidelines for Indian Government Websites (GIGW) 3.0. Feedback and Contact Information We appreciate any feedback, suggestions, questions or concerns about the accessibility of our website. Please reach out to us at helpdoc@rbi.org.in. The Accessibility Statement is dated November 28, 2025."
rbi_91b1c57dde58,rbi_91b1c57dde58.pdf,249,11864,https://rbidocs.rbi.org.in/rdocs/notification/PDFs/09MDD593B2F2D48648C8AB3D37625C9F245D.PDF,"Master Direction No.14/2015-16 January 1, 2016 (Updated as on September 02, 2026) (Updated as on June 29, 2026) (Updated as on October 09, 2025) (Updated as on April 16, 2025) (Updated as on January 16, 2025) (Updated as on January 9, 2020*) To, All Authorised Dealer Category – I banks and Authorised banks Madam / Sir, Master Direction - Deposits and Accounts Opening, holding and maintaining foreign currency accounts by a person resident in India is regulated in terms of section 9 of the Foreign Exchange Manage",RBI/FED/2015-16/9,"January 1, 2016; September 02, 2026; June 29, 2026; October 09, 2025; April 16, 2025","1 भारतीय ᳯरज़वर् बᱹक RESERVE BANK OF INDIA www.rbi.org.in RBI/FED/2015-16/9 FED Master Direction No.14/2015-16 January 1, 2016 (Updated as on September 02, 2026) (Updated as on June 29, 2026) (Updated as on October 09, 2025) (Updated as on April 16, 2025) (Updated as on January 16, 2025) (Updated as on January 9, 2020*) To, All Authorised Dealer Category – I banks and Authorised banks Madam / Sir, Master Direction - Deposits and Accounts Opening, holding and maintaining foreign currency accounts by a person resident in India is regulated in terms of section 9 of the Foreign Exchange Management Act, 1999 (FEMA) read with Foreign Exchange Management (Foreign Currency Accounts by a person resident in India) Regulations, 2015 issued vide 1Notification No. FEMA 10(R)/2015-RB dated January 21, 2016. Maintenance of deposits/ accounts between a person resident in India and a person resident outside India is regulated in terms of sub-section (3) of section 6 of the Foreign Exchange Management Act, 1999 (FEMA) read with Foreign Exchange Management (Deposit) Regulations, 2016 issued vide 2Notification No. FEMA 5(R)/2016-RB dated April 1, 2016. These Regulations are amended from time to time to incorporate the changes in the regulatory framework and published through amendment notifications. 2. To operationalize the Regulations as may be necessary, Reserve Bank of India also issues directions to Authorised Persons under Section 11 of the Foreign Exchange Management Act (FEMA), 1999. 3. Instructions issued on maintenance of deposits and accounts under the Foreign Exchange Management Act, 1999 have been compiled in this Master Direction. The list of underlying circulars/ notifications which form the basis of this Master Direction is furnished in the Appendix, which continue to remain in force. Reporting instructions can be found in Master Directions on reporting (Master Direction No. 18 dated January 1, 2016) 4. The present amendment in this Master Direction is aimed at consolidat"
rbi_95fafc8e24c8,rbi_95fafc8e24c8.pdf,101,5792,https://rbidocs.rbi.org.in/rdocs/notification/PDFs/108MDINTERNALOMBUDSMANCC05402F77BE4F229B59877F341386A4.PDF,"Master Direction - Reserve Bank of India (Internal Ombudsman for Regulated Entities) Directions, 2023 The Reserve Bank institutionalized the Internal Ombudsman mechanism in various regulated entities vide instructions / guidelines contained in the Internal Ombudsman Scheme 2018- Implementation by banks dated September 3, 2018, Internal Ombudsman Scheme for Non-Bank System Participants, 2019 dated October 22, 2019, Appointment of Internal Ombudsman by Non-Banking Financial Companies dated November 15, 2021 and R",RBI/CEPD/2023-24/108; CEPD.PRD.N,"December 29, 2023; September 3, 2018; October 22, 2019; November 15, 2021; October 6, 2022","RBI/CEPD/2023-24/108 CEPD.PRD.No.S1228/13.01.019/2023-24 December 29, 2023 (1) Chairman/Managing Director/CEO of All Scheduled Commercial Banks (excluding RRBs) (2) Chairman/Managing Director/CEO of All NBFCs (3) Chairman/Managing Director/CEO of Non-Bank System Participants (4) Chairman/Managing Director/CEO of All Credit Information Companies Dear Sir / Madam, Master Direction - Reserve Bank of India (Internal Ombudsman for Regulated Entities) Directions, 2023 The Reserve Bank institutionalized the Internal Ombudsman mechanism in various regulated entities vide instructions / guidelines contained in the Internal Ombudsman Scheme 2018- Implementation by banks dated September 3, 2018, Internal Ombudsman Scheme for Non-Bank System Participants, 2019 dated October 22, 2019, Appointment of Internal Ombudsman by Non-Banking Financial Companies dated November 15, 2021 and Reserve Bank of India (Credit Information Companies - Internal Ombudsman) Direction, 2022 dated October 6, 2022. The Internal Ombudsman mechanism has been set up with a view to strengthen the Internal Grievance Redress system of the regulated entities. 2. A review of Internal Ombudsman schemes has been undertaken by the Reserve Bank in line with the integration of the erstwhile three RBI Ombudsman Schemes as also with the objective to improve the customer service standards in regulated entities. The framework reaffirms that the Internal Ombudsman mechanism should work as envisaged and the Internal Ombudsman shall be positioned as an independent, apex level authority on consumer grievance redress within the regulated entities. उपभोक्ता ͧ श¢ण और संर¢ण ͪ वभाग, कɅ द्रȣय कायार्लय, पहलȣ मंिजल, अमर ǒबिल्डंग, सर पी.एम.रोड,फोटर्, मुम्बई - 400 001 टेͧ लफोन: 91-22-22603000 / 22604000 फैक्स: 91-22-22631744 ई-मेल: cgmcepd@rbi.org.in Consumer Education and Protection Department, Central Office, 1st Floor, Amar Building, Sir P.M.Road, Fort, Mumbai - 400 001 Tel No: 91-22-22603000 / 22604000 Fax No: 91-22-22631744 E-ma"
rbi_9b44f489e677,rbi_9b44f489e677.pdf,139,6725,https://rbidocs.rbi.org.in/rdocs/content/pdfs/110MD27022024_A3.pdf,"15 ANNEX III List of applicable Returns to be filed by Supervised Entities The list of applicable Returns to be filed by all the Supervised Entities (Commercial banks, select AIFIs, NBFCs and UCBs) through designated online portal(s) to RBI as per prescribed frequency and timelines stipulated under paragraph 4.2. of chapter II, is given in Table 1 below. Table 1: List of Returns to be filed by all the Supervised Entities S. No Name of Return Periodicity Reference date Applicability A. Returns for Commercial Banks 1A Return on Asset Liability and Off-Balance Sheet Exposures (ALE). Monthly 31st March/ 30th April/ 31st May/ 30th June/ 31st July/ 31st August/ 30th September/ 31st October/ 30th N",,,"15 ANNEX III List of applicable Returns to be filed by Supervised Entities The list of applicable Returns to be filed by all the Supervised Entities (Commercial banks, select AIFIs, NBFCs and UCBs) through designated online portal(s) to RBI as per prescribed frequency and timelines stipulated under paragraph 4.2. of chapter II, is given in Table 1 below. Table 1: List of Returns to be filed by all the Supervised Entities S. No Name of Return Periodicity Reference date Applicability A. Returns for Commercial Banks 1A Return on Asset Liability and Off-Balance Sheet Exposures (ALE). Monthly 31st March/ 30th April/ 31st May/ 30th June/ 31st July/ 31st August/ 30th September/ 31st October/ 30th November/ 31st December/ 31st January/ 28th or 29th February as applicable All SCBs including SFBs but excluding PBs Quarterly 31st March/ 30th June/ 30th September/ 31st December All SCBs including SFBs and LABs but excluding PBs 1B Return on Assets, Liabilities and Exposure – PBs Monthly 31st March/ 30th April/ 31st May/ 30th June/ 31st July/ 31st August/ 30th September/ 31st October/ 30th November/ 31st December/ 31st January/ 28th or 29th February as applicable All PBs 2 Return on Asset Quality (RAQ) Monthly 31st March/ 30th April/ 31st May/ 30th June/ 31st July/ All SCBs (Section-9 only) (excluding SFBs and PBs)"
rbi_9f240ef68077,rbi_9f240ef68077.pdf,22,1666,https://rbidocs.rbi.org.in/rdocs/notification/PDFs/111MDONBBPS87BA4103916D4B21AE117F1443020ADB.PDF,"Master Direction – Reserve Bank of India (Bharat Bill Payment System) Directions, 2024 The current regulations covering Bharat Bill Payment System (BBPS) (RBI Circular DPSS.CO.PD.No.940/02.27.020/2014-15 dated November 28, 2014) provide for a tiered structure with (a) NPCI Bharat Bill Pay Ltd (NBBL) as a Central Unit (BBPCU) (b) Bharat Bill Payment Operating Units (BBPOUs) and (c) Agent network/s of the BBPOUs. 2. In view of significant developments in the payments landscape, a need was felt to review and updat",RBI/DPSS/2023-24/111; CO.DPSS.POLC.N; DPSS.CO.PD.N,"February 29, 2024; November 28, 2014; June 08, 2023; April 01, 2024","भारतीय ᳯरज़वर् बᱹक RESERVE BANK OF INDIA www.rbi.org.in भुगतान और िनपटान ᮧणाली िवभाग, कᱶᮤीय कायार्लय, 14वीमंिजल, कᱶᮤीयकायार्लयभवन,शहीदभगतᳲसंहमागर्, फोटर्, मुम्बई - 400001 फोनTel: (91-22) 2264 4995; फैक् सFax: (91-22) 22691557; ई-मेलe-mail : cgmdpssco@rbi.org.in Department of Payment and Settlement Systems, Central Office, 14th Floor, Central Office Building, Shahid Bhagat Singh Road, Fort, Mumbai - 400001 ᳲहंदी आसान है, इसका ᮧयोग बढ़ाइए RBI/DPSS/2023-24/111 CO.DPSS.POLC.No.S1114/02-27-020/2023-2024 February 29, 2024 The Chairman / Managing Director / Chief Executive All Scheduled Commercial Banks including RRBs / Urban Cooperative Banks / State Cooperative Banks / District Central Cooperative Banks / NPCI Bharat BillPay Limited / Non-bank Payment System Participants Dear Sir / Madam, Master Direction – Reserve Bank of India (Bharat Bill Payment System) Directions, 2024 The current regulations covering Bharat Bill Payment System (BBPS) (RBI Circular DPSS.CO.PD.No.940/02.27.020/2014-15 dated November 28, 2014) provide for a tiered structure with (a) NPCI Bharat Bill Pay Ltd (NBBL) as a Central Unit (BBPCU) (b) Bharat Bill Payment Operating Units (BBPOUs) and (c) Agent network/s of the BBPOUs. 2. In view of significant developments in the payments landscape, a need was felt to review and update these regulations. Accordingly, as announced in Statement on Developmental and Regulatory Policies dated June 08, 2023, it has been decided to put in place a revised regulatory framework - Bharat Bill Payment Systems Directions, 2024, as annexed hereto. 3. These Directions seek to streamline the process of bill payments, enable greater participation, and enhance customer protection among other changes. 4. These Directions shall be applicable from April 01, 2024 and shall supersede the regulations cited in para 1. This is issued under Section 18 read with Section 10(2) of the Payment and Settlement Systems (PSS) Act, 2007 (Act 51 of 2007). Yours faithfully, (Gunveer Singh) Chief Ge"
rbi_a8d0f9a98495,rbi_a8d0f9a98495.pdf,348,13382,https://rbidocs.rbi.org.in/rdocs/notification/PDFs/128MD66C4DDCB167C4DC9A5BD913570CB3D47.PDF,"Master Directions FIDD.CO.PSD.BC.13/04.09.001/2024-25 March 24, 2025 (Updated as on September 11, 2026) (Updated as on August 07, 2026) (Updated as on January 19, 2026) The Chairman / Managing Director/ Chief Executive Officer All Commercial Banks including Regional Rural Banks, Small Finance Banks, Local Area Banks and Primary (Urban) Co-operative Banks other than Salary Earners’ Banks Madam/Dear Sir, Master Directions - Reserve Bank of India (Priority Sector Lending – Targets and Classification) Directions, 2",RBI/FIDD/2024-25/128; FIDD.CO.PSD.BC.13/04.09.001/2024-25; FIDD.CO.P; BC.5/04.09.01/2020-21,"March 24, 2025; September 11, 2026; August 07, 2026; January 19, 2026; April 01, 2025","भारतीय ᳯरज़वर् बᱹक RESERVE BANK OF INDIA www.rbi.org.in िवत् तीय समावेशन और िवकास िवभाग,कᱶᮤीय कायार्लय,10वी मंिजल,कᱶᮤीय कायार्लय भवन, मुंबई 400 001 टेलीफोन /Tel No: 91-22-22610261 फैक्स/Fax No: 91-22-22621011/22610948/22610943 ई-मेल/ Email : cgmincfidd@rbi.org.in Financial Inclusion & Development Department, Central Office, 10th Floor, C.O. Building, Mumbai 400 001 ᳲहंदी आसान है, इसका ᮧयोग बढ़ाइये “चेतावनी : - ᳯरज़वर् बᱹक ᳇ारा मेल, डाक, एसएमएस या फोन कॉल के जᳯरए ᳰकसी कᳱ भी व् यिᲦगत जानकारी जैसे बᱹक के खाते का ब् यौरा, पासवडर् आᳰद नहᱭ मांगी जाती है। यह धन रखने या देने का ᮧस् ताव भी नहᱭ करता है। ऐसे ᮧस् तावᲂ का ᳰकसी भी तरीके से जवाब मत दीिजए।"" Caution: RBI never sends mails, SMSs or makes calls asking for personal information like bank account details, passwords, etc. It never keeps or offers funds to anyone. Please do not respond in any manner to such offers. RBI/FIDD/2024-25/128 Master Directions FIDD.CO.PSD.BC.13/04.09.001/2024-25 March 24, 2025 (Updated as on September 11, 2026) (Updated as on August 07, 2026) (Updated as on January 19, 2026) The Chairman / Managing Director/ Chief Executive Officer All Commercial Banks including Regional Rural Banks, Small Finance Banks, Local Area Banks and Primary (Urban) Co-operative Banks other than Salary Earners’ Banks Madam/Dear Sir, Master Directions - Reserve Bank of India (Priority Sector Lending – Targets and Classification) Directions, 2025 The Reserve Bank of India has, from time to time, issued a number of instructions/ guidelines to banks relating to Priority Sector Lending (PSL). The Master Directions enclosed incorporate the updated instructions/guidelines on the subject. 2. These Directions shall come into effect on April 01, 2025 and shall supersede the earlier Directions on the subject, namely, the Reserve Bank of India (Priority Sector Lending – Targets and Classification) Directions, 2020 (Ref. FIDD.CO.Plan.BC.5/04.09.01/2020-21) dated September 04, 2020 (updated from time to time). All loans eligible to be cat"
rbi_a9441877973b,rbi_a9441877973b.pdf,10,624,https://rbidocs.rbi.org.in/rdocs/content/pdfs/110MD27022024_A4.pdf,Master Direction are not applicable for returns listed below. The timelines for these returns will be as follows. A. Commercial Banks’ Returns S. No. Return Name Periodicity Reference Date Timeline for submission 1 Consolidated Prudential Return (CPR) Half Yearly 31st March (i) Provisional/ unaudited data to be submitted by end-June. (ii) Audited data to be submitted by end-September. 30th September End-December. 2 Sheets BLR 3 and BLR 7 of BLR Return Quarterly 31st March/ 30th June/ 30th September/ 31st Decemb,,,"43 ANNEX IV Alternate timelines for submission of select Returns The return submission timelines mentioned in para 4.4.1. of this Master Direction are not applicable for returns listed below. The timelines for these returns will be as follows. A. Commercial Banks’ Returns S. No. Return Name Periodicity Reference Date Timeline for submission 1 Consolidated Prudential Return (CPR) Half Yearly 31st March (i) Provisional/ unaudited data to be submitted by end-June. (ii) Audited data to be submitted by end-September. 30th September End-December. 2 Sheets BLR 3 and BLR 7 of BLR Return Quarterly 31st March/ 30th June/ 30th September/ 31st December 15 days from the Reference Date at par with other sheets of BLR return 3 Long Form Audit Report (LFAR) (i.e. for the bank / all Indian Offices of foreign bank as a whole) and the relative agenda note, together with the Board's views or directions Yearly 31st March Within 60 days on receipt of LFAR from the Statutory Auditors. 4 Report on Allocation of branches to Statutory Branch Auditors (SBAs)@ Yearly 31st March Within one month from the date of appointment of Statutory Branch Auditors. 5 Half yearly / Quarterly Review of Accounts of Public Sector Banks – Review of Accounts Half Yearly/ Quarterly 31st March/ 30th June/ 30th September/ 31st December Within 21 days from the date of receipt of the Report from the Statutory Central Auditors. 6 Half yearly / Quarterly Review of Accounts of Public Sector Banks – Review Report by Statutory Central Auditors (SCAs) Half Yearly/ Quarterly 31st March/ 30th June/ 30th September/ 31st December Within 21 days from the date of receipt of the Report from the Statutory Central Auditors."
rbi_ac37b355d045,rbi_ac37b355d045.pdf,233,11445,https://rbidocs.rbi.org.in/rdocs/notification/PDFs/MD11024D1EF9CB39B44ABB23DF586173E0CDE.PDF,"Master Direction – Reserve Bank of India (Filing of Supervisory Returns) Directions - 2024 Please refer to paragraph 4 of Statement on Developmental and Regulatory Policies dated August 10, 2023. All Supervised Entities (SEs) are required to submit certain supervisory returns to the Reserve Bank as per various directions / circulars/ notifications issued by the Bank from time to time. 2. In order to create a single reference for all Supervisory Returns and to harmonize the timelines for filing of returns, all t",RBI/D; DSG/2023-24/110; DSG.N,"February 27, 2024; August 10, 2023","पयŊवेƗण िवभाग, कŐ द्रीय कायाŊलय, 17 वीं मंिजल, मेकर टॉवर- E मेकर आकő ड, कफ परेड, कोलाबा, मुंबई – 400 005 Department of Supervision, Central Office, 17th Floor, Maker Tower E, Maker Arcade, Cuffe Parade, Colaba, Mumbai 400005 टेलीफ़ोन/ Tele: +91 22 2217 7538; ईमेल/email: dsgdosco@rbi.org.in बœक िहंदी पत्राचार का ˢागत करता है। RESERVE BANK OF INDIA भारतीय ᳯरज़वर् बᱹक RBI/DoS.DSG/2023-24/110 DoS.DSG.No.10/33.01.001/2023-24 February 27, 2024 All Commercial Banks excluding Regional Rural Banks All Primary (Urban) Cooperative Banks Select All India Financial Institutions (Exim Bank, NABARD, NHB, SIDBI and NABFID) All Non-Banking Financial Companies (excluding Housing Finance Companies) and All Asset Reconstruction Companies Madam/ Dear Sir, Master Direction – Reserve Bank of India (Filing of Supervisory Returns) Directions - 2024 Please refer to paragraph 4 of Statement on Developmental and Regulatory Policies dated August 10, 2023. All Supervised Entities (SEs) are required to submit certain supervisory returns to the Reserve Bank as per various directions / circulars/ notifications issued by the Bank from time to time. 2. In order to create a single reference for all Supervisory Returns and to harmonize the timelines for filing of returns, all the relevant instructions have been rationalised and consolidated into a single Master Direction. In exercise of powers conferred under sub section (2) of section 27 and section 35A of the Banking Regulation Act, 1949 as amended from time to time; Section 56 of the Banking Regulation Act, 1949 and extant provisions of The Banking Regulations (Co-operative Societies) Rules, 1966; extant provisions of Chapters IIIA and IIIB of the Reserve Bank of India Act, 1934; and pursuant to section 12 A of the Securitization and Reconstruction of Financial Assets and Enforcement of Security Interest Act, 2002, the Reserve Bank of India being satisfied that it is necessary and expedient in the public interest to do so, hereby issues this Master Di"
rbi_b6419af980a5,rbi_b6419af980a5.pdf,174,13424,https://rbidocs.rbi.org.in/rdocs/notification/PDFs/12MDFB8AD1B34BCB4D0A8F6869DA4A53082E.PDF,"Master Direction No. 17/2016-17 January 1, 2016 (Updated as on January 12, 2026) (Updated as on October 01, 2025) (Updated as on June 13, 2025) (Updated as on August 29, 2024) (Updated as on March 01, 2024) (Updated as on November 21, 2022) (Updated as on May 31, 2022) (Updated as on January 06, 2022) (Updated as on December 07, 2021) (Updated as on October 28, 2020) (Updated as on January 27, 2020) (Updated as on April 01, 2019) (Updated as on February 02, 2018) (Updated as on January 12, 2017) (Updated as on",RBI/FED/2016-17/12,"January 1, 2016; January 12, 2026; October 01, 2025; June 13, 2025; August 29, 2024","RBI/FED/2016-17/12 FED Master Direction No. 17/2016-17 January 1, 2016 (Updated as on January 12, 2026) (Updated as on October 01, 2025) (Updated as on June 13, 2025) (Updated as on August 29, 2024) (Updated as on March 01, 2024) (Updated as on November 21, 2022) (Updated as on May 31, 2022) (Updated as on January 06, 2022) (Updated as on December 07, 2021) (Updated as on October 28, 2020) (Updated as on January 27, 2020) (Updated as on April 01, 2019) (Updated as on February 02, 2018) (Updated as on January 12, 2017) (Updated as on October 20, 2016) (Updated as on March 31, 2016) (Updated as on February 04, 2016) To All Authorised Dealer Category – I banks Madam / Dear Sir, Master Direction – Import of Goods and Services Import of Goods and Services into India is being allowed in terms of Section 5 of the Foreign Exchange Management Act 1999 (42 of 1999), read with Notification No. G.S.R. 381(E) dated May 3, 2000 viz. Foreign Exchange Management (Current Account Transaction) Rules, 2000. These Regulations are amended from time to time to incorporate the changes in the regulatory framework and published through amendment notifications. 2. Within the contours of the Regulations, Reserve Bank of India also issues directions to Authorised Persons under Section 10(4) and Section 11(1) of the Foreign Exchange Management Act (FEMA), 1999. These directions lay down the modalities as to how the foreign exchange business has to be conducted by the Authorised Persons with their customers/constituents with a view to implementing the regulations framed. 3. Instructions issued on import of goods and services into India have been compiled in this Master Direction. The list of underlying circulars/ notifications which form the basis of this Master Direction is furnished in the Appendix. Reporting instructions can be found in Master Direction on reporting (Master Direction No. 18 dated January 01, 2016)."
rbi_ba0a22e18447,rbi_ba0a22e18447.pdf,94,4790,https://rbidocs.rbi.org.in/rdocs/notification/PDFs/109MDCPNCD797F42D139D741169EB58E637B243FF6.PDF,"Master Direction – Reserve Bank of India (Commercial Paper and Non- Convertible Debentures of original or initial maturity upto one year) Directions, 2024 Please refer to paragraph 6 of the Statement on Developmental and Regulatory Policies, announced as a part of the second Bi-monthly Monetary Policy Statement for 2019-20 dated June 06, 2019 regarding Comprehensive Review of Money Market Directions. Accordingly, the draft Directions on Call, Notice and Term Money, Certificate of Deposit and the Commercial Pape",RBI/FMRD/2023-24/109; FMRD.DIRD.09/14.02.001/2023-24,"January 03, 2024; June 06, 2019; December 04, 2020; April 01, 2021; June 04, 2021","ͪ वत्तीय बाज़ार ͪ वǓनयमन ͪ वभाग, कɅ द्रȣय कायार्लय, पहलȣ मंिजल, मुख्य भवन, शहȣद भगत ͧ संह मागर्, फोटर्, मुंबई – 400 001, भारत Financial Markets Regulation Department, Central Office, 9th Floor, Central Office Building, Shahid Bhagat Singh Road, Fort, Mumbai – 400 001, India फोन/Tel: (91-22) 2260 3000, फैक्स/Fax: (91-22) 22702290, ई-मेल /E-Mail: cgmfmrd@rbi.org.in Ǒहन्दȣ आसान है, इसका प्रयोग बढ़ाइए RBI/FMRD/2023-24/109 FMRD.DIRD.09/14.02.001/2023-24 January 03, 2024 To All Eligible Market Participants Madam/Sir Master Direction – Reserve Bank of India (Commercial Paper and Non- Convertible Debentures of original or initial maturity upto one year) Directions, 2024 Please refer to paragraph 6 of the Statement on Developmental and Regulatory Policies, announced as a part of the second Bi-monthly Monetary Policy Statement for 2019-20 dated June 06, 2019 regarding Comprehensive Review of Money Market Directions. Accordingly, the draft Directions on Call, Notice and Term Money, Certificate of Deposit and the Commercial Paper and Non-Convertible Debentures of original or initial maturity upto one year markets were released for market feedback on December 04, 2020. The Master Direction - Reserve Bank of India (Call, Notice and Term Money Markets) Directions, 2021 and the Master Direction – Reserve Bank of India (Certificate of Deposit) Directions, 2021 were issued on April 01, 2021 and June 04, 2021 respectively. 2. The Directions on Commercial Paper and Non-Convertible Debentures of original or initial maturity upto one year have been reviewed based on market feedback and the Master Direction - Reserve Bank of India (Commercial Paper and Non-Convertible Debentures of original or initial maturity upto one year) Directions, 2024 are being issued herewith. 3. These Directions have been issued in exercise of the powers conferred under section 45J, 45K, 45L and 45W of the Reserve Bank of India Act, 1934 read with section 45U of the Act and of all the powers enabling it in this beh"
rbi_bf445077903d,rbi_bf445077903d.pdf,37,3060,https://rbidocs.rbi.org.in/rdocs/notification/PDFs/14MDM1120153F2FD5CC455640E78D139304BC7C080F.PDF,"Master Direction No. 19/2015-16 January 1, 2016 (Updated as on May 13, 2026) (Updated as on November 12, 2018) (Updated as on September 10, 2018) (Updated as on July 28, 2017) (Updated as on June 16, 2017) To, All Authorised Dealer Category – I banks and Authorised banks Madam / Dear Sir, Master Direction - Miscellaneous Reserve Bank of India has issued Master Directions consolidating relevant A.P (DIR Series) Circulars issued so far within the ambit of the relevant regulations, amended up to date. The circular",RBI/FED/2017-18/14,"January 1, 2016; May 13, 2026; November 12, 2018; September 10, 2018; July 28, 2017","RBI/FED/2017-18/14 FED Master Direction No. 19/2015-16 January 1, 2016 (Updated as on May 13, 2026) (Updated as on November 12, 2018) (Updated as on September 10, 2018) (Updated as on July 28, 2017) (Updated as on June 16, 2017) To, All Authorised Dealer Category – I banks and Authorised banks Madam / Dear Sir, Master Direction - Miscellaneous Reserve Bank of India has issued Master Directions consolidating relevant A.P (DIR Series) Circulars issued so far within the ambit of the relevant regulations, amended up to date. The circulars/ instructions have been grouped into the Master Directions on the basis of the classes of transactions they pertain to. Instructions which do not figure in any of the other Master Directions have been compiled under this Master Direction. The List of the Circulars is given as an appendix. 2. Within the contours of the Regulations, Reserve Bank of India also issues directions to Authorised Persons under Section 11 of the Foreign Exchange Management Act (FEMA), 1999. These directions lay down the modalities as to how the foreign exchange business has to be conducted by the Authorised Persons with their customers/ constituents with a view to implementing the regulations framed. 3. It may be noted that, whenever necessary, Reserve Bank shall issue directions to Authorised Persons through A.P. (DIR Series) Circulars in regard to any change in the Regulations or the manner in which relative transactions are to be conducted by the Authorised Persons with their customers/ constituents. The Master Direction issued herewith shall be amended suitably simultaneously. Yours faithfully, (N Senthil Kumar) Chief General Manager"
rbi_c591d9d7ca4c,rbi_c591d9d7ca4c.pdf,102,9661,https://rbidocs.rbi.org.in/rdocs/notification/PDFs/148MD.PDF,"Directions, 2025 (Updated as on July 01, 2026) Table of Contents Chapter I – Preliminary ......................................................................................................... 3 A. Short Title and Commencement .......................................................................... 3 B. Applicability ........................................................................................................... 3 C. Definitions ..............................................................",RBI/DOR/2025-26/148; DOR.AUT.REC.N,"November 28, 2025; July 01, 2026","भारतीय įरज़वर् बैंक RESERVE BANK OF INDIA 1 RBI/DOR/2025-26/148 DOR.AUT.REC.No.67/24-01-041/2025-26 November 28, 2025 Reserve Bank of India (Commercial Banks – Undertaking of Financial Services) Directions, 2025 (Updated as on July 01, 2026) Table of Contents Chapter I – Preliminary ......................................................................................................... 3 A. Short Title and Commencement .......................................................................... 3 B. Applicability ........................................................................................................... 3 C. Definitions .............................................................................................................. 3 Chapter II – Role of the Board ............................................................................................. 8 A. Board Approved Policies ...................................................................................... 8 B. Key responsibilities .............................................................................................. 8 Chapter III – General Guidelines ........................................................................................ 10 A. Forms of Business .............................................................................................. 10 B. Prudential Regulation for Investments ............................................................. 12 C. Procedure for Application .................................................................................. 18 D. Relationship with Subsidiaries .......................................................................... 18 Chapter IV – Financial Services ......................................................................................... 19 A. Equipment Leasing and Hire Purchase Business ............................................ 19 B. Factoring Services ............................................................."
rbi_cd764d805c59,rbi_cd764d805c59.pdf,470,16100,https://rbidocs.rbi.org.in/rdocs/notification/PDFs/147MD.PDF,"Directions, 2025 Table of Contents Chapter I – Preliminary .......................................................................................................... 3 A. Short Title and Commencement ................................................................................... 3 B. Applicability ................................................................................................................... 3 C. Definitions ..........................................................................",RBI/DOR/2025-26/147; DOR.LIC.REC.N,"November 28, 2025","भारतीय įरज़वर् बैंक RESERVE BANK OF INDIA RBI/DOR/2025-26/147 DOR.LIC.REC.No.66/22-01-001/2025-26 November 28, 2025 Reserve Bank of India (Commercial Banks - Branch Authorisation) Directions, 2025 Table of Contents Chapter I – Preliminary .......................................................................................................... 3 A. Short Title and Commencement ................................................................................... 3 B. Applicability ................................................................................................................... 3 C. Definitions ...................................................................................................................... 3 Chapter – Role of Board of Directors ................................................................................... 6 A. Board Approved Policy ................................................................................................. 6 B. Key responsibilities ....................................................................................................... 6 Chapter III – Banking Outlet Authorisation ......................................................................... 9 A. Domestic Commercial Banks ..................................................................................... 9 B. Foreign Banks (operating in branch mode) .............................................................. 16 C. Off-site / Mobile Automated Teller Machines (ATMs), Cash Deposit Machines (CDMs) / Bunch Note Acceptor Machines (BNAMs)...................................................... 20 Chapter IV – Digital Banking Units (DBUs) ........................................................................ 22 A. Opening of DBUs – General Permission ................................................................. 22 B. Infrastructure and Resources .................................................................................. 22 C. Cyber Securi"
rbi_d261835debc3,rbi_d261835debc3.pdf,66,5165,https://rbidocs.rbi.org.in/rdocs/notification/PDFs/07MIP0101168C51C4CB845342D09E8A4A613B1F1C6D.PDF,"Master Direction No. 12/2015-16 January 1, 2016 [Updated as on September 01, 2022] [Updated as on June 6, 2022] [Updated as on April 11, 2018] [Updated as on February 4, 2016*] To, All Category - I Authorised Dealer banks and Authorised Banks Madam/ Sir Master Direction – Acquisition or Transfer of Immovable Property under Foreign Exchange Management Act, 1999 Acquisition or transfer of immovable property by Indian residents outside India and Non- residents in India is regulated in terms of sub-sections 2.(a),",RBI/FED/2015-16/7,"January 1, 2016; September 01, 2022; June 6, 2022; April 11, 2018; February 4, 2016","RBI/FED/2015-16/7 FED Master Direction No. 12/2015-16 January 1, 2016 [Updated as on September 01, 2022] [Updated as on June 6, 2022] [Updated as on April 11, 2018] [Updated as on February 4, 2016*] To, All Category - I Authorised Dealer banks and Authorised Banks Madam/ Sir Master Direction – Acquisition or Transfer of Immovable Property under Foreign Exchange Management Act, 1999 Acquisition or transfer of immovable property by Indian residents outside India and Non- residents in India is regulated in terms of sub-sections 2.(a), (4) and (5) of section 6 of the Foreign Exchange Management Act, 1999 (FEMA) read with 1Rule 21 of Foreign Exchange Management (Overseas Investment) Rules, 2022 dated August 22, 2022 and paragraph 25 of the Foreign Exchange Management (Overseas Investment) Directions, 2022 dated August 22, 2022 and 2Foreign Exchange Management (Non-debt Instruments) Rules, 2019, dated October 17, 2019, respectively. These Rules and Regulations are amended from time to time to incorporate the changes in the regulatory framework and published through amendment notifications. 2. Within the contours of the Rules and Regulations, Reserve Bank of India also issues directions to Authorised Persons under Section 11 of the Foreign Exchange Management Act (FEMA), 1999. These directions lay down the modalities as to how the foreign exchange business has to be conducted by the Authorised Persons with their customers/constituents with a view to implementing the regulations framed. 3. Instructions issued on acquisition of immovable property have been compiled in this Master Direction. The list of underlying circulars/ Rules and Regulations which form the basis of this Master Direction is furnished in the Appendix. Reporting instructions can be found in Master Directions on reporting (Master Direction No. 18 dated January 1, 2016) 4. It may be noted that, whenever necessary, Reserve Bank shall issue directions to Authorised Persons through A.P. (DIR Series) Circulars in"
rbi_f02fa7dd09a1,rbi_f02fa7dd09a1.pdf,978,36412,https://rbidocs.rbi.org.in/rdocs/notification/PDFs/13MDRD77DCF42C4E64B6C9A83C24EF5D4E188.PDF,"Master Direction No.18/2015-16 January 1, 2016 (Updated as on June 24, 2026) (Updated as on June 05, 2026) (Updated as on April 01, 2026) (Updated as on March 30, 2026) (Updated as on February 18, 2026) (Updated as on January 12, 2026) (Updated as on December 03, 2025) (Updated as on September 16, 2024) (Updated as on June 20, 2024) (Updated as on May 12, 2023) (Updated as on September 30, 2022) (Updated as on August 22, 2022) (Updated as on June 09, 2022) (Updated as on June 08, 2021) (Updated as on September",RBI/FED/2015-16/13,"January 1, 2016; June 24, 2026; June 05, 2026; April 01, 2026; March 30, 2026","FED Master Direction No.18/2015-16 January 1, 2016 (Updated as on June 24, 2026) (Updated as on June 05, 2026) (Updated as on April 01, 2026) (Updated as on March 30, 2026) (Updated as on February 18, 2026) (Updated as on January 12, 2026) (Updated as on December 03, 2025) (Updated as on September 16, 2024) (Updated as on June 20, 2024) (Updated as on May 12, 2023) (Updated as on September 30, 2022) (Updated as on August 22, 2022) (Updated as on June 09, 2022) (Updated as on June 08, 2021) (Updated as on September 18, 2019*) (Updated as on July 10, 2019*) (Updated as on July 9, 2019*) (Updated as on April 4, 2019*) (Updated as on November 20, 2018*) (Updated as on August 01, 2018*) (Updated as on April 26, 2018*) (Updated as on April 12, 2018*) (Updated as on March 16, 2018*) (Updated as on February 02, 2018*) (Updated as on January 24, 2018*) (Updated as on December 20, 2017*) (Updated as on December 14, 2017*) (Updated as on May 15, 2017*) (Updated as on September 19, 2016*) (Updated as on July 07, 2016*) (Updated as on June 13, 2016*) (Updated as on May 24, 2016*) (Updated as on May 18, 2016*) (Updated as on May 5, 2016*) (Updated as on April 13, 2016*) (Updated as on March 23, 2016*) (Updated as on February 11, 2016*) To, All Authorised Persons Madam/ Sir, Master Direction – Reporting under Foreign Exchange Management Act, 1999 Foreign Exchange Management Act, 1999 (FEMA) is administered through the authorised persons and is based on the declarations and averments made to them by persons while undertaking the transactions. The Reserve Bank, therefore, has RBI/FED/2015-16/13"
rbi_f27f63f15941,rbi_f27f63f15941.pdf,63,2728,https://rbidocs.rbi.org.in/rdocs/notification/PDFs/146MD.PDF,"Directions, 2025 Table of Contents Chapter I - Preliminary .................................................................................................... 2 A. Short Title and Commencement ............................................................................. 2 B. Applicability ............................................................................................................. 2 D. Scope ..................................................................................................",RBI/D; HOL.REC.65/16-13-100/2025-26,"November 28, 2025","भारतीय įरज़वर् बैंक RESERVE BANK OF INDIA RBI/DoR/2025-26/146 DoR.HOL.REC.65/16-13-100/2025-26 November 28, 2025 Reserve Bank of India (Commercial Banks - Voluntary Amalgamation) Directions, 2025 Table of Contents Chapter I - Preliminary .................................................................................................... 2 A. Short Title and Commencement ............................................................................. 2 B. Applicability ............................................................................................................. 2 D. Scope ....................................................................................................................... 3 Chapter II – Approval by Board of Directors and Shareholders ................................... 4 A. Approval by Board of Directors.............................................................................. 4 B. Approval by Shareholders ...................................................................................... 5 Chapter III – Approval or sanction by RBI ..................................................................... 6 Chapter IV – Entitlement of dissenting shareholders ................................................... 7 Chapter V – Norms for buying / selling of shares by promoters .................................. 8 Chapter VI – Repeal and Other Provisions .................................................................... 9 A. Repeal and saving ................................................................................................... 9 B. Application of other laws not barred...................................................................... 9 C. Interpretations ......................................................................................................... 9 Annex ............................................................................................................................. 11"
