old_clause_id,old_provision_id,new_clause_id,new_provision_id,alignment_score,semantic_similarity,tfidf_similarity,change_type,change_dimension,materiality,old_modality,new_modality,modality_direction,regulatory_changes,explanation,old_clause_text,new_clause_text,final_change_type,final_category,final_materiality,final_explanation
PSL_2020_0001,1.1,PSL_2025_0001,1.1,1.1500000834465027,1.0000001192092896,1.0,WORDING_ONLY,WORDING,LOW,,,,[],The provisions are semantically aligned but show wording or structural differences without a detected regulatory-value change.,"1.1 These Directions shall be called the Reserve Bank of India (Priority Sector Lending – Targets and Classification) Directions, 2020.","1.1 These Directions shall be called the Reserve Bank of India (Priority Sector Lending – Targets and Classification) Directions, 2025.",WORDING_ONLY,WORDING_CHANGE,LOW,The provision remains semantically aligned but contains wording or structural changes without a detected substantive regulatory value change.
PSL_2020_0002,1.2,PSL_2025_0002,1.2,0.7833173645232905,0.7791118621826172,0.2195007843093042,MODIFIED,DATE,MEDIUM,,,,"[{""dimension"": ""DATE"", ""old"": [], ""new"": [""april 01, 2025"", ""september 04, 2020""]}]","The aligned regulatory provision was date changed from [] to ['april 01, 2025', 'september 04, 2020'].",1.2 These Directions shall come into effect on the day they are placed on the official website of the Reserve Bank of India.,"1.2 These Directions shall come into effect on April 01, 2025, and shall supersede the earlier Directions on the subject, namely, the Reserve Bank of India (Priority Sector Lending – Targets and Classification) Directions, 2020 (Ref. FIDD.CO. Plan.BC.5/04.09.01/2020-21) dated September 04, 2020 (updated from time to time).",ADMINISTRATIVE_CHANGE,DOCUMENT_METADATA,LOW,A document-level date difference was detected. It is treated as an administrative or metadata change rather than a substantive regulatory requirement change.
PSL_2020_0003,2.0,PSL_2025_0003,2.0,1.044843071688392,0.930688500404358,0.7880997458735377,WORDING_ONLY,WORDING,LOW,,,,[],The provisions are semantically aligned but show wording or structural differences without a detected regulatory-value change.,"2. Applicability The provisions of these Directions shall apply to every Commercial Bank [including Regional Rural Bank (RRB), Small Finance Bank (SFB), Local Area Bank] and Primary (Urban) Co-operative Bank (UCB) other than Salary Earners’ Bank licensed to operate in India by the Reserve Bank of India.","2. Applicability The provisions of these Directions shall, unless otherwise provided, apply to every Commercial Bank [including Regional Rural Bank (RRB), Small Finance Bank (SFB), Local Area Bank (LAB)] and Primary (Urban) Co-operative Bank (UCB) other than Salary Earners’ Bank.",WORDING_ONLY,WORDING_CHANGE,LOW,The provision remains semantically aligned but contains wording or structural changes without a detected substantive regulatory value change.
,,PSL_2025_0004,3.0,,,,ADDED,,HIGH,,,,[],New regulatory provision 3.0 appears in the 2025 Directions and has no aligned provision in the 2020 version.,,"3. Purpose These Directions are issued with a view to delineating a framework for ensuring adequate flow of credit from the banking system to the sectors of the economy which are crucial for their contribution to socio-economic development, with focus on specific segments whose credit needs remain underserved despite being credit worthy.",ADDED,REGULATORY_STRUCTURE,HIGH,Provision 3.0 is present in the 2025 version without a reliable counterpart in the 2020 version.
PSL_2020_0004,3.1,PSL_2025_0005,4.1,0.4831937089005948,0.6906442642211914,0.2293571281565033,MODIFIED,MONETARY_VALUE,HIGH,,,,"[{""dimension"": ""MONETARY_VALUE"", ""old"": [], ""new"": [""rs1""]}]",The aligned regulatory provision was monetary value changed from [] to ['rs1'].,"3.1 In these Directions, unless the context otherwise requires, the terms herein shall bear the meanings assigned to them below: (i) ‘Urban Co-operative Bank’ or ‘UCB’ means a Primary Co-operative Bank as defined under Section 5(ccv) of the Banking Regulation Act, 1949 read with Section 56 of the Act. (ii) “On-lending” means loans sanctioned by banks to eligible intermediaries for onward lending for creation of priority sector assets. The average maturity of priority sector assets thus created by the eligible intermediaries should be co-terminus with maturity of the bank loan. (iii) Contingent liabilities/off-balance sheet items do not form part of priority sector achievement. However, foreign banks with less than 20 branches Master Directions - Priority Sector Lending – Targets and Classification - 2020 2 have an option to reckon the Credit Equivalent of Off-Balance Sheet Exposures (CEOBE) extended to borrowers for eligible priority sector activities for achievement of priority sector target, subject to the condition that the CEOBE (both priority sector and non-priority sector excluding interbank exposure) should be added to the Adjusted Net Bank Credit (ANBC) in the denominator for computation of PSL targets. (iv) Off-balance sheet interbank exposures are excluded for computing CEOBE for the priority sector targets. (v) The term “all-inclusive interest” includes interest (effective annual interest), processing fees and service charges.","4.1 In these Directions, unless the context otherwise requires, the terms herein shall bear the meanings assigned to them below: Master Directions - Priority Sector Lending – Targets and Classification - 2025 2 (i) Allied activities i.e. activities allied to agriculture shall include dairy, fisheries, animal husbandry, poultry, bee-keeping, sericulture and similar activities. (ii) Non-Corporate Farmers (NCF) shall include individual farmers including Small and Marginal Farmers1 (SMFs), proprietorship firms of farmers directly engaged in agriculture and allied activities, and Self-Help Groups (SHGs) or Joint Liability Groups (JLGs) i.e., group of individual farmers, provided banks maintain disaggregated data of such loans. (iii) “On-lending” means loans sanctioned by banks to eligible intermediaries for onward lending. Such loans, extended for creation of priority sector assets and which remain deployed in such assets, will be eligible for classification under PSL.",MODIFIED,SUBSTANTIVE_REGULATORY_CHANGE,HIGH,A monetary threshold or value changed between the two versions.
PSL_2020_0005,3.2,PSL_2025_0006,4.2,0.9000000238418575,1.0,0.9999999999999988,UNCHANGED,NONE,LOW,,,,[],No substantive difference was detected between the aligned provisions.,"3.2 All other expressions, unless defined herein, shall have the same meaning as has been assigned to them under the Banking Regulation Act, 1949 or the Reserve Bank of India Act, 1934 or any statutory modification or re-enactment thereto or as used in commercial parlance, as the case may be.","4.2 All other expressions, unless defined herein, shall have the same meaning as has been assigned to them under the Banking Regulation Act, 1949 or the Reserve Bank of India Act, 1934 or any statutory modification or re-enactment thereto or as used in commercial parlance, as the case may be.",UNCHANGED,NO_CHANGE,LOW,No substantive regulatory change was detected.
PSL_2020_0006,3.3,PSL_2025_0007,4.3,0.4053200129787745,0.6051846742630005,0.1406973415350326,MODIFIED,"DATE, MODALITY",HIGH,must,shall,CHANGED,"[{""dimension"": ""DATE"", ""old"": [], ""new"": [""september 04, 2020"", ""june 21, 2024""]}]","The aligned regulatory provision was date changed from [] to ['september 04, 2020', 'june 21, 2024']; regulatory modality changed from must to shall (changed).",3.3 Banks must ensure that loans extended under priority sector are for approved purposes and the end use is continuously monitored. The banks should put in place proper internal controls and systems in this regard. CHAPTER – II CATEGORIES AND TARGETS UNDER PRIORITY SECTOR,"4.3 All loans categorised as Priority Sector Lending (PSL) under the erstwhile Master Directions on PSL dated September 04, 2020 (updated as on June 21, 2024) shall continue to be eligible for such categorisation under these Directions till maturity. CHAPTER – II CATEGORIES AND TARGETS UNDER PRIORITY SECTOR",MODIFIED,SUBSTANTIVE_REGULATORY_CHANGE,HIGH,Regulatory modality changed from 'must' to 'shall'.
PSL_2020_0007,4.0,PSL_2025_0008,5.0,0.8363392710041708,0.9570139646530152,0.8737696407078723,WORDING_ONLY,WORDING,LOW,,,,[],The provisions are semantically aligned but show wording or structural differences without a detected regulatory-value change.,"4. The categories under priority sector are as follows: i. Agriculture ii. Micro, Small and Medium Enterprises iii. Export Credit iv. Education v. Housing vi. Social Infrastructure vii. Renewable Energy viii. Others The details of eligible activities under the above categories are specified in Chapter III. Master Directions - Priority Sector Lending – Targets and Classification - 2020 3","5. Categories under Priority Sector The categories under priority sector are as follows: i. Agriculture ii. Micro, Small and Medium Enterprises iii. Export Credit iv. Education 1 As defined in para 9.4 of this MD Master Directions - Priority Sector Lending – Targets and Classification - 2025 3 v. Housing vi. Social Infrastructure vii. Renewable Energy viii. Others The details of eligible activities under the above categories are specified in Chapter III.",WORDING_ONLY,WORDING_CHANGE,LOW,The provision remains semantically aligned but contains wording or structural changes without a detected substantive regulatory value change.
PSL_2020_0008,5.0,,,,,,REMOVED,,HIGH,,,,[],Provision 5.0 from the 2020 Directions has no reliable counterpart in the 2025 version and is therefore flagged as a removal candidate.,5. Targets /Sub-targets for Priority sector,,REMOVED,REGULATORY_STRUCTURE,HIGH,Provision 5.0 is present in the 2020 version without a reliable counterpart in the 2025 version. This is treated as a removal candidate.
PSL_2020_0009,5.1,,,,,,REMOVED,,HIGH,,,,[],Provision 5.1 from the 2020 Directions has no reliable counterpart in the 2025 version and is therefore flagged as a removal candidate.,"5.1 The targets and sub-targets set under priority sector lending, to be computed on the basis of the ANBC/ CEOBE as applicable as on the corresponding date of the preceding year, are as under: Categories Domestic commercial banks (excl. RRBs & SFBs) & foreign banks with 20 branches and above Foreign banks with less than 20 branches Regional Rural Banks Small Finance Banks Total Priority Sector 40 per cent of ANBC as computed in para 6 below or CEOBE whichever is higher 40 per cent of ANBC as computed in para 6 below or CEOBE whichever is higher; out of which up to 32% can be in the form of lending to Exports and not less than 8% can be to any other priority sector 75 per cent of ANBC as computed in para 6 below or CEOBE whichever is higher; However, lending to Medium Enterprises, Social Infrastructure and Renewable Energy shall be reckoned for priority sector achievement only up to 15 per cent of ANBC. 75 per cent of ANBC as computed in para 6 below or CEOBE whichever is higher. Agriculture 18 per cent of ANBC or CEOBE, whichever is higher; out of which a target of 10 percent# is prescribed for Small and Marginal Farmers (SMFs) Not applicable 18 per cent ANBC or CEOBE, whichever is higher; out of which a target of 10 percent# is prescribed for SMFs 18 per cent of ANBC or CEOBE, whichever is higher; out of which a target of 10 percent# is prescribed for SMFs Micro Enterprises",,REMOVED,REGULATORY_STRUCTURE,HIGH,Provision 5.1 is present in the 2020 version without a reliable counterpart in the 2025 version. This is treated as a removal candidate.
PSL_2020_0013,5.2,,,,,,REMOVED,,HIGH,,,,[],Provision 5.2 from the 2020 Directions has no reliable counterpart in the 2025 version and is therefore flagged as a removal candidate.,"5.2 The targets for lending to SMFs and for Weaker Sections shall be revised upwards from FY 2021-22 onwards as follows: Master Directions - Priority Sector Lending – Targets and Classification - 2020 4 Financial Year Small and Marginal Farmers target * Weaker Sections target ^ 2020-21 8% 10% 2021-22 9% 11% 2022-23 9.5% 11.5% 2023-24 10% 12% * Not applicable to UCBs ^ Weaker Sections target for RRBs will continue to be 15% of ANBC or CEOBE, whichever is higher.",,REMOVED,REGULATORY_STRUCTURE,HIGH,Provision 5.2 is present in the 2020 version without a reliable counterpart in the 2025 version. This is treated as a removal candidate.
PSL_2020_0014,5.3,,,,,,REMOVED,,HIGH,,,,[],Provision 5.3 from the 2020 Directions has no reliable counterpart in the 2025 version and is therefore flagged as a removal candidate.,5.3 All domestic banks (other than UCBs) and foreign banks with more than 20 branches are directed to ensure that the overall lending to Non-Corporate Farmers (NCFs) does not fall below the system-wide average of the last three years’ achievement which will be separately notified every year. The applicable target for lending to the non-corporate farmers for FY 2020-21 will be 12.14% of ANBC or CEOBE whichever is higher. All efforts should be made by banks to reach the level of 13.5 percent of ANBC (erstwhile target for direct lending to agriculture sector).,,REMOVED,REGULATORY_STRUCTURE,HIGH,Provision 5.3 is present in the 2020 version without a reliable counterpart in the 2025 version. This is treated as a removal candidate.
PSL_2020_0015,6.0,PSL_2025_0009,6.0,1.1500000834465027,1.0000001192092896,1.0,UNCHANGED,NONE,LOW,,,,[],No substantive difference was detected between the aligned provisions.,6. Computation of Adjusted Net Bank Credit (ANBC),6. Computation of Adjusted Net Bank Credit (ANBC),UNCHANGED,NO_CHANGE,LOW,No substantive regulatory change was detected.
PSL_2020_0016,6.1,PSL_2025_0010,6.1,0.8216300846601026,0.8412550687789917,0.222923438239262,MODIFIED,"PERCENTAGE, DATE, MODALITY",HIGH,shall,shall not,STRENGTHENED,"[{""dimension"": ""PERCENTAGE"", ""old"": [""40%"", ""45%"", ""50%"", ""60%"", ""75%""], ""new"": []}, {""dimension"": ""DATE"", ""old"": [""march 31, 2024"", ""march 31, 2021"", ""march 31, 2022"", ""march 31, 2023""], ""new"": [""august 25, 2026"", ""august 30, 2007"", ""january 19, 2026"", ""august 07, 2026"", ""september 11, 2026""]}]","The aligned regulatory provision was percentage changed from ['40%', '45%', '50%', '60%', '75%'] to []; date changed from ['march 31, 2024', 'march 31, 2021', 'march 31, 2022', 'march 31, 2023'] to ['august 25, 2026', 'august 30, 2007', 'january 19, 2026', 'august 07, 2026', 'september 11, 2026']; regulatory modality changed from shall to shall not (strengthened).","6.1 For the purpose of priority sector lending, ANBC denotes the outstanding Bank Credit in India [As prescribed in item No.VI of Form ‘A’ under Section 42 (2) of the RBI Act, 1934] and computed as follows: Bank Credit in India [As prescribed in item No.VI of Form `A’ under Section 42(2) of the RBI Act, 1934] I Bills Rediscounted with RBI and other approved Financial Institutions II Net Bank Credit (NBC)* III(I-II) Categories Primary Urban Co-operative Bank Total Priority Sector 40 per cent of ANBC or CEOBE, whichever is higher, which shall stand increased to 75 per cent of ANBC or CEOBE, whichever is higher, with effect from March 31, 2024. UCBs shall comply with the stipulated target as per the following milestones: Existing target March 31, 2021 March 31, 2022 March 31, 2023 March 31, 2024 40% 45% 50% 60% 75% Micro Enterprises","6.1 For the purpose of priority sector lending, ANBC shall be computed as follows: Bank Credit in India [as prescribed in item No.VI of Form `A’ under Section 42(2) of the RBI Act, 1934] I Bills rediscounted with RBI and other approved Financial Institutions II Net Bank Credit (NBC)* III(I-II) Outstanding Deposits under RIDF and other eligible funds with NABARD, NHB, SIDBI and MUDRA Ltd in lieu of non-achievement of priority sector lending targets/sub-targets + outstanding PSLCs IV Eligible amount for exemptions on issuance of long-term bonds for infrastructure and affordable housing as per [Reserve Bank of India (Resource Raising Norms) Directions, 2025 as applicable to Commercial Banks and Small Finance Banks]2 V [Advances extended in India out of the fresh FCNR (B) / NRE deposits (including deposits that are renewed upon maturity), qualifying for exemption from Cash Reserve Ratio (CRR) and Statutory Liquidity Ratio (SLR) requirements, as per the Reserve Bank of India (Cash Reserve Ratio and Statutory Liquidity Ratio) Fourth Amendment Directions dated August 25, 2026, as applicable to various banks. Note: The amount to be excluded from ANBC for computation of priority sector targets shall not exceed the outstanding FCNR (B) / NRE deposits eligible for exemption from maintenance of CRR / SLR in terms of the above Amendment Directions.]3 44 VI Investments made by public sector banks in the Recapitalization Bonds floated by Government of India VII Other investments eligible to be treated as priority sector (e.g. investments in securitisation notes) VIII Bonds/debentures in Non-SLR categories under HTM category IX For UCBs: Investments made after August 30, 2007 in permitted non SLR bonds held under ‘Held to Maturity’ (HTM) category X ANBC (Other than UCBs) III + IV- (V+VI+VII) +VIII + IX ANBC for UCBs III + IV - VI + X 2 Substituted vide Reserve Bank of India (Priority Sector Lending – Targets and Classification) (Amendment) Directions, 2026 dated January 19, 2026 3 Deleted vide Reserve Bank of India (Priority Sector Lending – Targets and Classification) Second Amendment Directions, 2026 dated August 07, 2026 44 Modified vide Reserve Bank of India (Priority Sector Lending – Targets and Classification) Second Amendment Directions, 2026 dated August 07, 2026 and Reserve Bank of India (Priority Sector Lending – Targets and Classification) Third Amendment Directions, 2026 dated September 11, 2026 Master Directions - Priority Sector Lending – Targets and Classification - 2025 4 * For the purpose of priority sector computation only. Banks shall not deduct / net any amount like provisions, accrued interest, etc. from NBC.",MODIFIED,SUBSTANTIVE_REGULATORY_CHANGE,HIGH,Regulatory modality changed from 'shall' to 'shall not'. The requirement was strengthened.
PSL_2020_0018,6.2,PSL_2025_0011,6.2,0.7376871165963819,0.6993834972381592,0.2268566877751911,MODIFIED,"DATE, MODALITY",HIGH,may,shall,STRENGTHENED,"[{""dimension"": ""DATE"", ""old"": [""july 1, 2015""], ""new"": []}]","The aligned regulatory provision was date changed from ['july 1, 2015'] to []; regulatory modality changed from may to shall (strengthened).","6.2 For the purpose of calculation of CEOBE, banks may be guided by the Master Circular on Exposure Norms issued by Department of Regulation, RBI vide DBR.No.Dir.BC.12/13.03.00/ 2015-16 dated July 1, 2015 and as updated from time to time. UCBs may be guided by the relevant provisions of the Master Circular dated July 1, 2015 on ‘Prudential Norms on Capital Adequacy - UCBs’ issued by Reserve Bank of India.","6.2 For the purpose of calculation of Credit Equivalent of Off-Balance Sheet Exposures (CEOBSE), banks shall be guided by the [Reserve Bank of India (Commercial Banks - Concentration Risk Management) Directions, 2025, and Reserve Bank of India (Prudential Norms on Capital Adequacy) Directions, 2025, as applicable to Small Finance Banks, Urban Co-operative Banks and Regional Rural Banks. In the case of Local Area Banks, for the purpose of calculation of credit risk exposure attached to off-balance sheet items, banks may refer to Reserve Bank of India (Local Area Banks – Prudential Norms on Capital Adequacy) Directions, 2025]4",MODIFIED,SUBSTANTIVE_REGULATORY_CHANGE,HIGH,Regulatory modality changed from 'may' to 'shall'. The requirement was strengthened.
PSL_2020_0019,6.3,PSL_2025_0012,6.3,0.7240821503533014,0.7265039086341858,0.1272659775062031,MODIFIED,"DATE, MODALITY",HIGH,may,shall,STRENGTHENED,"[{""dimension"": ""DATE"", ""old"": [""october 06, 2016""], ""new"": [""january 19, 2026""]}]","The aligned regulatory provision was date changed from ['october 06, 2016'] to ['january 19, 2026']; regulatory modality changed from may to shall (strengthened).","6.3 SFBs may be further guided by Para 6.5 (ii to vii) of the Operating Guidelines for Small Finance Banks issued by Department of Regulation (RBI/2016-17/81 DBR.NBD. No.26/16.13.218/2016-17 dated October 06, 2016), pertaining to treatment of grandfathered loans, for computation of ANBC.","6.3 SFBs shall be further guided [by the following pertaining]5 to treatment of grandfathered loans, for computation of ANBC: a. [The provisions in Paragraph C.10.33 of Reserve Bank of India (Small Finance Banks – Licensing) Guidelines, 2025 will apply to cases where an existing NBFC/MFI sets up a SFB and transfers its business to the SFB, apart from conversion cases.. b. The lending banks will be permitted to avail the PSL classification for the loans made to such NBFCs, as long as the assets financed out of such loans are PSL eligible assets. This dispensation to the lending banks would be extended only up to the extent of actual outstanding balance supported by existing underlying assets as on the opening balance sheet of the SFB, and only till repayment of underlying loans. c. The assets financed out of the above loans from the banks would not be reckoned for the ANBC for priority sector calculation for the SFB, to the extent the lending bank enjoys PSL status on such grandfathered loans. d. Any fresh assets created out of such outstanding grandfathered lending or any fresh assets created by the SFB post commencement of operations, in general, would be reckoned in the ANBC of the SFBs and the PSL norms as applicable to SFBs would kick in. 4 Substituted vide Reserve Bank of India (Priority Sector Lending – Targets and Classification) (Amendment) Directions, 2026 dated January 19, 2026 Master Directions - Priority Sector Lending – Targets and Classification - 2025 5 e. The above treatment would be applicable for grandfathered borrowings in the cases of converting entities as well. f. The first audited balance sheet as on March 31st post commencement of operations of the SFB would form the basis for the first PSL target for the SFB (for the subsequent year).]5",MODIFIED,SUBSTANTIVE_REGULATORY_CHANGE,HIGH,Regulatory modality changed from 'may' to 'shall'. The requirement was strengthened.
PSL_2020_0020,6.4,PSL_2025_0013,6.4,1.0886832711138517,0.9647923707962036,0.8660261621204315,MODIFIED,MODALITY,HIGH,must,shall,CHANGED,[],The aligned regulatory provision was regulatory modality changed from must to shall (changed).,"6.4 While calculating Net Bank Credit as above, if banks subtract prudential write off at Corporate/Head Office level, it must be ensured that the credit to priority sector and all other sub-sectors so written off should also be subtracted Master Directions - Priority Sector Lending – Targets and Classification - 2020 6 category wise from priority sector and sub-target achievement. Wherever, investments or any other items which are treated as eligible for classification under priority sector target/sub-target achievement, the same should also form part of Adjusted Net Bank Credit.","6.4 While calculating Net Bank Credit as above, if banks subtract prudential write off at Corporate/Head Office level, it shall be ensured that the credit to priority sector and all sub-sectors so written off shall also be subtracted category wise from priority sector target and sub-target achievement. Investments or any other items which are treated as eligible for classification under priority sector target/sub-target achievement, shall also form part of Adjusted Net Bank Credit.",MODIFIED,SUBSTANTIVE_REGULATORY_CHANGE,HIGH,Regulatory modality changed from 'must' to 'shall'.
PSL_2020_0021,6.5,PSL_2025_0014,6.5,1.063335272090374,0.949905276298523,0.8113069415646743,MODIFIED,MODALITY,HIGH,,shall,STRENGTHENED,[],The aligned regulatory provision was regulatory modality changed from None to shall (strengthened).,"6.5 All the banks have to adhere to the respective licencing guidelines and operating guidelines issued by the Department of Regulation, RBI and updated from time to time","6.5 All banks shall adhere to the respective licencing and operating guidelines issued by the Department of Regulation, RBI as updated from time to time.",MODIFIED,SUBSTANTIVE_REGULATORY_CHANGE,HIGH,Regulatory modality changed from '' to 'shall'. The requirement was strengthened.
,,PSL_2025_0015,7.0,,,,ADDED,,HIGH,,,,[],New regulatory provision 7.0 appears in the 2025 Directions and has no aligned provision in the 2020 version.,,7. Targets/Sub-targets for Priority sector,ADDED,REGULATORY_STRUCTURE,HIGH,Provision 7.0 is present in the 2025 version without a reliable counterpart in the 2020 version.
,,PSL_2025_0016,7.1,,,,ADDED,,HIGH,,,,[],New regulatory provision 7.1 appears in the 2025 Directions and has no aligned provision in the 2020 version.,,"7.1 The targets and sub-targets set under priority sector lending, to be computed on the basis of the ANBC/CEOBSE6 as applicable as on the corresponding date of the preceding year, are as below: 5 Substituted vide Reserve Bank of India (Priority Sector Lending – Targets and Classification) (Amendment) Directions, 2026 dated January 19, 2026 6 (i) Contingent liabilities/off-balance sheet items do not form part of priority sector achievement. However, foreign banks with less than 20 branches have an option to reckon the CEOBSE extended to borrowers for eligible priority sector activities for achievement of priority sector target, subject to the condition that the CEOBSE (both priority sector and non-priority sector excluding interbank exposure) shall be added to the ANBC in the denominator for computation of PSL targets. (ii) Off-balance sheet interbank exposures are excluded for computing CEOBSE for the priority sector targets. Master Directions - Priority Sector Lending – Targets and Classification - 2025 6 Categories Targets/ Sub-targets Domestic Commercial Banks (excl. RRBs & SFBs) & Foreign Banks with 20 branches and above Foreign Banks with less than 20 branches Regional Rural Banks Small Finance Banks Total Priority Sector 40 per cent of ANBC as computed in para 6 above or CEOBSE, whichever is higher. 40 per cent of ANBC as computed in para 6 above or CEOBSE, whichever is higher; out of which up to 32% can be in the form of Export Credit and not less than 8% can be to any other priority sector. 75 per cent of ANBC as computed in para 6 above or CEOBSE, whichever is higher. However, lending to Medium Enterprises, Social Infrastructure and Renewable Energy shall be reckoned for priority sector achievement up to 15 per cent of ANBC only. [60]7 per cent of ANBC as computed in para 6 above or CEOBSE, whichever is higher. Agriculture 18 per cent of ANBC or CEOBSE, whichever is higher. Within this target, 14 percent is prescribed for Non-Corporate Farmers (NCFs), out of which a target of 10 percent is prescribed for SMFs. Not applicable 18 per cent ANBC or CEOBSE, whichever is higher. Within this target, 14 percent is prescribed for NCFs, out of which a target of 10 percent is prescribed for SMFs. 18 per cent of ANBC or CEOBSE, whichever is higher. Within this target, 14 percent is prescribed for NCFs, out of which a target of 10 percent is prescribed for SMFs. Micro Enterprises",ADDED,REGULATORY_STRUCTURE,HIGH,Provision 7.1 is present in the 2025 version without a reliable counterpart in the 2020 version.
,,PSL_2025_0020,7.2,,,,ADDED,,HIGH,,,,[],New regulatory provision 7.2 appears in the 2025 Directions and has no aligned provision in the 2020 version.,,"7.2 The priority sector lending targets for UCBs shall be as follows: Categories Targets as a percentage of ANBC or CEOBSE, whichever is higher Total Priority Sector 60% Micro Enterprises 7.5% Advances to Weaker Sections 12%",ADDED,REGULATORY_STRUCTURE,HIGH,Provision 7.2 is present in the 2025 version without a reliable counterpart in the 2020 version.
,,PSL_2025_0021,8.0,,,,ADDED,,HIGH,,,,[],New regulatory provision 8.0 appears in the 2025 Directions and has no aligned provision in the 2020 version.,,8. Adjustments for weights in PSL Achievement,ADDED,REGULATORY_STRUCTURE,HIGH,Provision 8.0 is present in the 2025 version without a reliable counterpart in the 2020 version.
PSL_2020_0022,7.0,PSL_2025_0022,8.1,0.7258113250290729,0.8705275058746338,0.6783160319445454,MODIFIED,"MONETARY_VALUE, MODALITY",HIGH,should,shall,STRENGTHENED,"[{""dimension"": ""MONETARY_VALUE"", ""old"": [""₹6000"", ""₹25,000""], ""new"": [""₹9,000"", ""₹42,000""]}]","The aligned regulatory provision was monetary value changed from ['₹6000', '₹25,000'] to ['₹9,000', '₹42,000']; regulatory modality changed from should to shall (strengthened).","7. Adjustments for weights in PSL Achievement To address regional disparities in the flow of priority sector credit at the district level, it has been decided to rank districts on the basis of per capita credit flow to priority sector and build an incentive framework for districts with comparatively lower flow of credit and a dis-incentive framework for districts with comparatively higher flow of priority sector credit. Accordingly, from FY 2021-22 onwards, a higher weight (125%) would be assigned to the incremental priority sector credit in the identified districts where the credit flow is comparatively lower (per capita PSL less than ₹6000), and a lower weight (90%) would be assigned for incremental priority sector credit in the identified districts where the credit flow is comparatively higher (per capita PSL greater than ₹25,000). The list of both categories of districts is given in Annex IA & IB. This list will be valid for a period up to FY 2023-24 and will be reviewed thereafter. The districts other than those mentioned in Annex IA and IB will continue to have existing weightage of 100%. The banks should continue to report the actual outstanding amount in QPSA returns as hitherto. Adjustments for weights to incremental PSL credit will be done by RBI, based on reporting of district wise credit flow to FIDD, CO through the ADEPT database. RRBs, UCBs, LABs and foreign banks (including WoS) would be exempted from adjustments of weights in PSL achievement due to their currently limited area of operation/catering to a niche segment. CHAPTER – III DESCRIPTION OF ELIGIBLE CATEGORIES UNDER PRIORITY SECTOR","8.1 To address regional disparities in the flow of priority sector credit at the district level, it was decided to rank districts on the basis of per capita credit flow to priority sector and build an incentive framework for districts with comparatively lower flow of credit and a dis-incentive framework for districts with comparatively higher flow of priority sector credit. With effect from FY 2024-25, a higher weight (125%) shall be assigned to the incremental priority sector credit in the identified districts where the credit flow is comparatively lower (per capita PSL less than ₹9,000), and a lower weight (90%) will be assigned for incremental priority sector credit in the identified districts where the credit flow is comparatively higher (per capita PSL greater than ₹42,000). The list of both categories of districts is given in Annexes IA and IB and will be valid up to FY 2026-27, subject to a review thereafter. The districts other than those mentioned in Annexes IA and IB will continue to have normal weightage of 100%.",MODIFIED,SUBSTANTIVE_REGULATORY_CHANGE,HIGH,Regulatory modality changed from 'should' to 'shall'. The requirement was strengthened.
,,PSL_2025_0023,8.2,,,,ADDED,,HIGH,,,,[],New regulatory provision 8.2 appears in the 2025 Directions and has no aligned provision in the 2020 version.,,"8.2 The banks shall continue to report the actual outstanding amount in Quarterly Priority Sector Advances (QPSA) returns as hitherto. Adjustments for weights to incremental PSL credit will be done by RBI, based on reporting of district wise credit flow to FIDD, CO through the ADEPT database. RRBs, UCBs, LABs and foreign banks (including Wholly Owned Subsidiaries) would be exempted from adjustments of weights in PSL achievement due to their currently limited area of operation/catering to a niche segment. CHAPTER – III DESCRIPTION OF ELIGIBLE CATEGORIES UNDER PRIORITY SECTOR",ADDED,REGULATORY_STRUCTURE,HIGH,Provision 8.2 is present in the 2025 version without a reliable counterpart in the 2020 version.
PSL_2020_0023,8.0,PSL_2025_0024,9.0,0.8592078677297461,0.9806920289993286,0.902642008821444,WORDING_ONLY,WORDING,LOW,,,,[],The provisions are semantically aligned but show wording or structural differences without a detected regulatory-value change.,"8. Agriculture The lending to agriculture sector will include Farm Credit (Agriculture and Allied Activities), lending for Agriculture Infrastructure and Ancillary Activities. Master Directions - Priority Sector Lending – Targets and Classification - 2020 7","9. Agriculture The lending to agriculture sector will include Farm Credit (Agriculture and Allied Master Directions - Priority Sector Lending – Targets and Classification - 2025 8 Activities), lending for Agriculture Infrastructure and Ancillary Activities.",WORDING_ONLY,WORDING_CHANGE,LOW,The provision remains semantically aligned but contains wording or structural changes without a detected substantive regulatory value change.
PSL_2020_0024,8.1,PSL_2025_0025,9.1,0.8000937782115558,0.962814450263977,0.7413502807043724,MODIFIED,"MONETARY_VALUE, MODALITY",HIGH,,permitted to,STRENGTHENED,"[{""dimension"": ""MONETARY_VALUE"", ""old"": [""₹50 lakh"", ""50 lakh""], ""new"": [""₹90 lakh"", ""₹60 lakh"", ""₹4 crore"", ""₹2.5 crore"", ""₹10 crore"", ""90 lakh"", ""60 lakh"", ""4 crore"", ""2.5 crore"", ""10 crore""]}]","The aligned regulatory provision was monetary value changed from ['₹50 lakh', '50 lakh'] to ['₹90 lakh', '₹60 lakh', '₹4 crore', '₹2.5 crore', '₹10 crore', '90 lakh', '60 lakh', '4 crore', '2.5 crore', '10 crore']; regulatory modality changed from None to permitted to (strengthened).","8.1 Farm Credit - Individual farmers Loans to individual farmers [including Self Help Groups (SHGs) or Joint Liability Groups (JLGs) i.e. groups of individual farmers, provided banks maintain disaggregated data of such loans] and Proprietorship firms of farmers, directly engaged in Agriculture and Allied Activities, viz. dairy, fishery, animal husbandry, poultry, bee-keeping and sericulture. This will include: i. Crop loans including loans for traditional/non-traditional plantations, horticulture and allied activities. ii. Medium and long-term loans for agriculture and allied activities (e.g. purchase of agricultural implements and machinery and developmental loans for allied activities). iii. Loans for pre and post-harvest activities viz. spraying, harvesting, grading and transporting of their own farm produce. iv. Loans to distressed farmers indebted to non-institutional lenders. v. Loans under the Kisan Credit Card Scheme. vi. Loans to small and marginal farmers for purchase of land for agricultural purposes. vii. Loans against pledge/hypothecation of agricultural produce (including warehouse receipt1) for a period not exceeding 12 months subject to a limit up to ₹50 lakh. viii. Loans to farmers for installation of stand-alone Solar Agriculture Pumps and for solarisation of grid connected Agriculture Pumps. ix. Loans to farmers for installation of solar power plants on barren/fallow land or in stilt fashion on agriculture land owned by farmer.","9.1 Farm Credit A. Farm Credit - Individual farmers This category comprises of loans to individual farmers [including Self Help Groups (SHGs) or Joint Liability Groups (JLGs) i.e., groups of individual farmers, provided banks maintain disaggregated data of such loans] and proprietorship firms of farmers, directly engaged in agriculture and allied activities. Such loans will include: i. Crop loans including loans for traditional/non-traditional plantations, horticulture and allied activities ii. Medium and long-term loans for agriculture and allied activities (e.g. purchase of agricultural implements and machinery and developmental loans for allied activities) iii. Loans for pre and post-harvest activities viz., spraying, harvesting, grading and transporting of own farm produce iv. Loans to distressed farmers indebted to non-institutional lenders v. Loans under the Kisan Credit Card Scheme vi. Loans to small and marginal farmers (SMFs) for purchase of land for agricultural purposes vii. Loans against pledge/hypothecation of agricultural produce (including warehouse receipts) for a period not exceeding 12 months subject to a limit up to ₹90 lakh against Negotiable Warehouse Receipt (NWRs)/Electronic Negotiable Warehouse Receipt (eNWRs) and up to ₹60 lakh against warehouse receipts other than NWRs/eNWRs viii. Loans to farmers for installation of stand-alone solar agriculture pumps and for solarisation of grid connected agriculture pumps ix. Loans to farmers for installation of solar power plants on barren/fallow land or in stilt fashion on agriculture land owned by farmer Master Directions - Priority Sector Lending – Targets and Classification - 2025 9 B. Farm Credit - Corporate farmers, Farmer Producer Organisations/ Companies (FPOs)/(FPCs) of Individual Farmers, Partnership firms and Co-operatives of farmers engaged in Agriculture and Allied Activities (a) Loans for the following activities, subject to an aggregate limit of ₹4 crore per borrowing entity, will be eligible: (i) Crop loans to farmers which will include traditional/non-traditional plantations and horticulture and loans for allied activities (ii) Medium and long-term loans for agriculture and allied activities (e.g., purchase of agricultural implements, technological solutions, machinery and developmental loans for allied activities) (iii) Loans for pre and post-harvest activities viz., spraying, harvesting, grading and transporting of their own farm produce (b) Loans up to ₹4 crore against pledge/hypothecation of agricultural produce (including warehouse receipts) for a period not exceeding 12 months against NWRs/eNWRs and up to ₹2.5 crore against warehouse receipts other than NWRs/eNWRs (c) Loans up to ₹10 crore per borrowing entity to FPOs/FPCs undertaking farming with assured marketing of their produce at a pre-determined price (d) Loans up to ₹10 crore for purchase of the produce of members directly engaged in agriculture and allied activities Note: UCBs are not permitted to lend to co-operatives of farmers.",MODIFIED,SUBSTANTIVE_REGULATORY_CHANGE,HIGH,Regulatory modality changed from '' to 'permitted to'. The requirement was strengthened.
PSL_2020_0025,8.2,,,,,,REMOVED,,HIGH,,,,[],Provision 8.2 from the 2020 Directions has no reliable counterpart in the 2025 version and is therefore flagged as a removal candidate.,"8.2 Farm Credit - Corporate farmers, Farmer Producer Organisations (FPOs)/(FPC) Companies of Individual Farmers, Partnership firms and Co-operatives of farmers engaged in Agriculture and Allied Activities (a) Loans for the following activities will be subject to an aggregate limit of ₹2 crore per borrowing entity: 1 Includes negotiable warehouse receipt (NWR) and electronic negotiable warehouse receipt (e-NWR) Master Directions - Priority Sector Lending – Targets and Classification - 2020 8 (i) Crop loans to farmers which will include traditional/non-traditional plantations and horticulture and loans for allied activities. (ii) Medium and long-term loans for agriculture and allied activities (e.g. purchase of agricultural implements and machinery and developmental loans for allied activities). (iii) Loans for pre and post-harvest activities viz. spraying, harvesting, grading and transporting of their own farm produce. (b) Loans up to ₹50 lakh against pledge/hypothecation of agricultural produce (including warehouse receipts2) for a period not exceeding 12 months. (c) Loans up to ₹5 crore per borrowing entity to FPOs/FPCs undertaking farming with assured marketing of their produce at a pre-determined price. (d) UCBs are not permitted to lend to co-operatives of farmers.",,REMOVED,REGULATORY_STRUCTURE,HIGH,Provision 8.2 is present in the 2020 version without a reliable counterpart in the 2025 version. This is treated as a removal candidate.
PSL_2020_0026,8.3,PSL_2025_0026,9.2,0.8867580584813497,0.995186448097229,0.9654872590069444,WORDING_ONLY,WORDING,LOW,,,,[],The provisions are semantically aligned but show wording or structural differences without a detected regulatory-value change.,8.3 Agriculture Infrastructure Loans for agriculture infrastructure will be subject to an aggregate sanctioned limit of ₹100 crore per borrower from the banking system. List of activities is furnished in Annex II.,9.2 Agriculture Infrastructure Loans for agriculture infrastructure will be subject to an aggregate sanctioned limit of ₹100 crore per borrower from the banking system. List of activities is furnished in Annex II (Item I).,WORDING_ONLY,WORDING_CHANGE,LOW,The provision remains semantically aligned but contains wording or structural changes without a detected substantive regulatory value change.
PSL_2020_0027,8.4,PSL_2025_0027,9.3,0.6899222806057718,0.8632595539093018,0.5732216685882495,MODIFIED,"MONETARY_VALUE, MODALITY",HIGH,,shall,STRENGTHENED,"[{""dimension"": ""MONETARY_VALUE"", ""old"": [""₹5 crore"", ""₹50 crore"", ""₹100 crore"", ""5 crore"", ""50 crore"", ""100 crore""], ""new"": [""₹50 crore"", ""₹100 crore"", ""50 crore"", ""100 crore""]}]","The aligned regulatory provision was monetary value changed from ['₹5 crore', '₹50 crore', '₹100 crore', '5 crore', '50 crore', '100 crore'] to ['₹50 crore', '₹100 crore', '50 crore', '100 crore']; regulatory modality changed from None to shall (strengthened).","8.4 Ancillary Services 8.4.1 Following loans under ancillary services will be subject to limits prescribed as under: i. Loans up to ₹5 crore to co-operative societies of farmers for purchase of the produce of members (Not applicable to UCBs) ii. Loans up to ₹50 crore to Start-ups, as per definition of Ministry of Commerce and Industry, Govt. of India that are engaged in agriculture and allied services. iii. Loans for Food and Agro-processing up to an aggregate sanctioned limit of ₹100 crore per borrower from the banking system. 2 Includes negotiable warehouse receipt (NWR) and electronic negotiable warehouse receipt (e-NWR) Master Directions - Priority Sector Lending – Targets and Classification - 2020 9 8.4.2 Outstanding deposits under RIDF and other eligible funds with NABARD on account of priority sector shortfall. 8.4.3 The eligible activities under ancillary services and food and agro-processing is given in Annex II and Annex III, respectively.",9.3 Ancillary Services The following shall be eligible to be classified in this category: i. Loans specified in Annex II (Item 2) Master Directions - Priority Sector Lending – Targets and Classification - 2025 10 ii. Loans up to ₹50 crore to Start-ups8 that are engaged in agriculture and allied services iii. Loans for Food and Agro-processing up to an aggregate sanctioned limit of ₹100 crore per borrower from the banking system (eligible activities as given in Annex III) iv. [********]9 v. Outstanding deposits under RIDF and other eligible funds with NABARD on account of priority sector shortfall,MODIFIED,SUBSTANTIVE_REGULATORY_CHANGE,HIGH,Regulatory modality changed from '' to 'shall'. The requirement was strengthened.
PSL_2020_0028,8.5,PSL_2025_0028,9.4,0.8262493621704484,0.9424821138381958,0.8692002334189102,MODIFIED,"MONETARY_VALUE, DATE",HIGH,,,,"[{""dimension"": ""MONETARY_VALUE"", ""old"": [""₹2 lakh"", ""2 lakh""], ""new"": [""₹2.5 lakh"", ""2.5 lakh""]}, {""dimension"": ""DATE"", ""old"": [], ""new"": [""january 19, 2026""]}]","The aligned regulatory provision was monetary value changed from ['₹2 lakh', '2 lakh'] to ['₹2.5 lakh', '2.5 lakh']; date changed from [] to ['january 19, 2026'].","8.5 Small and Marginal Farmers (SMFs) For the purpose of computation of achievement of the sub-target, Small and Marginal Farmers will include the following: i. Farmers with landholding of up to 1 hectare (Marginal Farmers). ii. Farmers with a landholding of more than 1 hectare and up to 2 hectares (Small Farmers). iii. Landless agricultural labourers, tenant farmers, oral lessees and share- croppers whose share of landholding is within the limits prescribed for SMFs. iv. Loans to Self Help Groups (SHGs) or Joint Liability Groups (JLGs), i.e. groups of individual SMFs directly engaged in Agriculture and Allied Activities, provided banks maintain disaggregated data of such loans. v. Loans up to ₹2 lakh to individuals solely engaged in Allied activities without any accompanying land holding criteria. vi. Loans to FPOs/FPC of individual farmers and co-operatives of farmers directly engaged in Agriculture and Allied Activities where the land-holding share of SMFs is not less than 75 per cent, subject to loan limits prescribed in para 8.2. UCBs are not permitted to lend to co-operatives of farmers.","9.4 Eligibility criteria for categorization as lending to Small and Marginal Farmers (SMFs) For the purpose of computation of achievement of the sub-target, SMFs will include the following: i. Farmers with landholding of up to 1 hectare (Marginal Farmers) ii. Farmers with a landholding of more than 1 hectare and up to 2 hectares (Small Farmers) iii. Landless agricultural labourers, tenant farmers, oral lessees and share- croppers whose share of landholding is within the limits prescribed for SMFs iv. Self Help Groups (SHGs) or Joint Liability Groups (JLGs), i.e., groups of individual SMFs directly engaged in agriculture and allied activities, provided banks maintain disaggregated data of such loans v. Loans up to ₹2.5 lakh to individuals solely engaged in allied activities without any accompanying land holding criteria vi. Loans to FPOs/FPCs of individual farmers and co-operatives of farmers directly engaged in agriculture and allied activities where the land-holding share of SMFs is not less than 75 per cent, subject to loan limits prescribed in para 9.1 (B) 8 As defined by Ministry of Commerce and Industry, Govt. of India 9 Deleted vide Reserve Bank of India (Priority Sector Lending – Targets and Classification) (Amendment) Directions, 2026 dated January 19, 2026 Master Directions - Priority Sector Lending – Targets and Classification - 2025 11 Note: UCBs are not permitted to lend to co-operatives of farmers.",MODIFIED,SUBSTANTIVE_REGULATORY_CHANGE,HIGH,A monetary threshold or value changed between the two versions.
PSL_2020_0029,8.6,PSL_2025_0029,9.5,0.820732477829192,0.9520745277404784,0.8316258706163497,MODIFIED,"MONETARY_VALUE, MODALITY",HIGH,,shall not,STRENGTHENED,"[{""dimension"": ""MONETARY_VALUE"", ""old"": [""₹ 10 lakh"", ""10 lakh""], ""new"": [""₹10 lakh"", ""10 lakh""]}]","The aligned regulatory provision was monetary value changed from ['₹ 10 lakh', '10 lakh'] to ['₹10 lakh', '10 lakh']; regulatory modality changed from None to shall not (strengthened).","8.6 Lending by banks to NBFCs and MFIs for on-lending in agriculture (i) Bank credit extended to registered NBFC-MFIs and other MFIs (Societies, Trusts etc.) which are members of RBI recognised SRO for the sector, for on-lending to individuals and also to members of SHGs / JLGs will be eligible for categorisation as priority sector advance under respective categories of agriculture subject to conditions specified in para 21 (not applicable to RRBs, UCBs, SFBs and LABs). (ii) Bank credit to registered NBFCs (other than MFIs) towards on-lending for ‘Term lending’ component under agriculture will be allowed up to ₹ 10 lakh per borrower Master Directions - Priority Sector Lending – Targets and Classification - 2020 10 subject to conditions specified in para 22 and 24 (not applicable to RRBs, UCBs, SFBs and LABs).","9.5 Lending by banks to NBFCs and MFIs for on-lending in agriculture (i) Bank credit extended to registered NBFC-MFIs and other MFIs (Societies, Trusts etc.) which are members of RBI recognised SRO for the sector, for on- lending to individuals and also to members of SHGs/JLGs will be eligible for categorisation as priority sector advance under respective categories of agriculture subject to conditions specified in para 22. (ii) Bank credit to registered NBFCs (other than MFIs) towards on-lending for ‘term lending’ component under agriculture will be eligible for PSL classification up to ₹10 lakh per borrower subject to conditions specified in para 23 and 25. Note: The provisions of para 9.5 shall not be applicable to RRBs, UCBs, SFBs and LABs.",MODIFIED,SUBSTANTIVE_REGULATORY_CHANGE,HIGH,Regulatory modality changed from '' to 'shall not'. The requirement was strengthened.
PSL_2020_0030,9.0,PSL_2025_0030,10.0,0.631892566978369,0.8757246732711792,0.3548590511064858,MODIFIED,"MONETARY_VALUE, DATE, MODALITY",HIGH,should,shall,STRENGTHENED,"[{""dimension"": ""MONETARY_VALUE"", ""old"": [], ""new"": [""₹50 crore"", ""50 crore""]}, {""dimension"": ""DATE"", ""old"": [""june 26, 2020"", ""july 2, 2020"", ""august 21, 2020""], ""new"": [""july 24, 2017""]}]","The aligned regulatory provision was monetary value changed from [] to ['₹50 crore', '50 crore']; date changed from ['june 26, 2020', 'july 2, 2020', 'august 21, 2020'] to ['july 24, 2017']; regulatory modality changed from should to shall (strengthened).","9. Micro, Small and Medium Enterprises (MSMEs) The definition of MSMEs will be as per Government of India (GoI), Gazette Notification S.O. 2119 (E) dated June 26, 2020 read with circular RBI/2020-2021/10 FIDD.MSME & NFS.BC.No.3/06.02.31/2020-21 read with FIDD.MSME & NFS. BC. No.4 /06.02.31/2020-21 dated July 2, 2020, August 21, 2020 respectively on ‘Credit flow to Micro, Small and Medium Enterprises Sector’ and updated from time to time. Further, such MSMEs should be engaged in the manufacture or production of goods, in any manner, pertaining to any industry specified in the First Schedule to the Industries (Development and Regulation) Act, 1951 or engaged in providing or rendering of any service or services. All bank loans to MSMEs conforming to the above guidelines qualify for classification under priority sector lending.","10. Micro, Small and Medium Enterprises (MSMEs) (i) The definition of MSMEs shall be as given in the FIDD.MSME & NFS.12/06.02.31/2017-18 dated July 24, 2017 as updated from time to time. (ii) All bank loans to MSMEs shall qualify for classification under priority sector lending. (iii) Loans up to ₹50 crore to Start-ups10, that conform to the definition of MSME, shall also be eligible to be classified under this category.",MODIFIED,SUBSTANTIVE_REGULATORY_CHANGE,HIGH,Regulatory modality changed from 'should' to 'shall'. The requirement was strengthened.
PSL_2020_0031,9.1,PSL_2025_0031,10.1,0.7103376736996151,0.922184944152832,0.52342227788686,MODIFIED,DATE,MEDIUM,,,,"[{""dimension"": ""DATE"", ""old"": [""july 30, 2015""], ""new"": []}]","The aligned regulatory provision was date changed from ['july 30, 2015'] to [].","9.1 Factoring Transactions (not applicable to RRBs and UCBs) (i) ‘With Recourse’ Factoring transactions by banks which carry out the business of factoring departmentally wherever the ‘assignor’ is a Micro, Small or Medium Enterprise would be eligible for classification under MSME category on the reporting dates. (ii) In terms of paragraph 9 of Circular DBR.No. FSD.BC.32/24.01.007/2015- 16 dated July 30, 2015 on ‘Provision of Factoring Services by Banks- Review’, inter-alia, the borrower’s bank shall obtain from the borrower, periodical certificates regarding factored receivables to avoid double financing/ counting. Further, the ‘factors’ must intimate the limits sanctioned to the borrower and details of debts factored to the banks concerned, taking responsibility to avoid double financing. (iii) Factoring transactions pertaining to MSMEs taking place through the Trade Receivables Discounting System (TReDS) shall also be eligible for classification under priority sector. Master Directions - Priority Sector Lending – Targets and Classification - 2020 11","10.1 Factoring Transactions (i) ‘With recourse’ factoring transactions by banks which carry out the business of factoring departmentally wherever the ‘assignor’ is a Micro, Small or Medium Enterprise would be eligible for classification under MSME category on the reporting dates. (ii) Factoring transactions pertaining to MSMEs taking place through the Trade Receivables Discounting System (TReDS) shall also be eligible for classification under priority sector. 10 As defined by Ministry of Commerce and Industry, Govt. of India Master Directions - Priority Sector Lending – Targets and Classification - 2025 12 Note: The provisions of para 10.1 are not applicable to RRBs and UCBs",ADMINISTRATIVE_CHANGE,DOCUMENT_METADATA,LOW,A document-level date difference was detected. It is treated as an administrative or metadata change rather than a substantive regulatory requirement change.
PSL_2020_0032,9.2,,,,,,REMOVED,,HIGH,,,,[],Provision 9.2 from the 2020 Directions has no reliable counterpart in the 2025 version and is therefore flagged as a removal candidate.,9.2 Khadi and Village Industries Sector (KVI) All loans to units in the KVI sector will be eligible for classification under the sub- target of 7.5 percent prescribed for Micro Enterprises under priority sector.,,REMOVED,REGULATORY_STRUCTURE,HIGH,Provision 9.2 is present in the 2020 version without a reliable counterpart in the 2025 version. This is treated as a removal candidate.
PSL_2020_0033,9.3,PSL_2025_0032,10.2,0.7429173832274685,0.9211755990982056,0.6340399202827645,MODIFIED,"MONETARY_VALUE, MODALITY",HIGH,shall not,shall,WEAKENED,"[{""dimension"": ""MONETARY_VALUE"", ""old"": [""₹50 crore"", ""50 crore""], ""new"": [""rs.20 lakh"", ""20 lakh""]}]","The aligned regulatory provision was monetary value changed from ['₹50 crore', '50 crore'] to ['rs.20 lakh', '20 lakh']; regulatory modality changed from shall not to shall (weakened).","9.3 Other Finance to MSMEs (i) Loans up to ₹50 crore to Start-ups, as per definition of Ministry of Commerce and Industry, Govt. of India that confirm to the definition of MSME as per Para 9. (ii) Loans to entities involved in assisting the decentralized sector in the supply of inputs and marketing of output of artisans, village and cottage industries. In respect of UCBs, the term “entities” shall not include institutions to which UCBs are not permitted to lend under the RBI guidelines / the legal framework governing their functioning. (iii) Loans to co-operatives of producers in the decentralized sector viz. artisans, village and cottage industries (Not applicable for UCBs). (iv) Loans sanctioned by banks to NBFC-MFIs and other MFIs (Societies, Trusts etc.) which are members of RBI recognised SRO for the sector for on-lending to MSME sector as per the conditions specified in paragraph 21 of these Master Directions (not applicable to RRBs, SFBs and UCBs) (v) Loans to registered NBFCs (other than MFIs) for on-lending to Micro & Small Enterprises as per conditions specified in para 22 of these Master Directions (not applicable to RRBs, SFBs and UCBs) (vi) Credit outstanding under General Credit Cards (including Artisan Credit Card, Laghu Udyami Card, Swarojgar Credit Card and Weaver’s Card etc. in existence and catering to the non-farm entrepreneurial credit needs of individuals). (vii) Overdraft to Pradhan Mantri Jan-Dhan Yojana (PMJDY) account holders as per limits and conditions prescribed by Department of Financial Services, Ministry of Finance from time to time, will qualify as achievement of the target for lending to Micro Enterprises. (viii) Outstanding deposits with SIDBI and MUDRA Ltd. on account of priority sector shortfall. Master Directions - Priority Sector Lending – Targets and Classification - 2020 12","10.2 Other Loans eligible to be classified under PSL in the MSME category These include: (i) All loans to units in the Khadi and Village Industries sector, which shall be categorised as lending to micro enterprises. (ii) Loans to entities involved in assisting the decentralized sector in the supply of inputs and marketing of output of artisans, village and cottage industries. (iii) Loans to co-operatives of producers in the decentralized sector viz., artisans, village and cottage industries (not applicable to UCBs). (iv) [******]11 (v) Loans by banks to NBFC-MFIs and other MFIs (Societies, Trusts, etc.) which are members of RBI recognised SRO for the sector, for on-lending to the MSME sector, borrowers being individuals and members of SHGs/ JLGs as per the conditions specified in paragraph 22 of these Master Directions (not applicable to RRBs, SFBs and UCBs) (vi) Loans to registered NBFCs (other than MFIs) for on-lending to micro and small enterprises up to Rs.20 lakh per borrower as per conditions specified in para 23 of these Master Directions (not applicable to RRBs, SFBs and UCBs) (vii) Overdraft to Pradhan Mantri Jan-Dhan Yojana (PMJDY) account holders as per limits and conditions prescribed by Department of Financial Services, Ministry of Finance from time to time, which shall be categorised as lending to Micro Enterprises. (viii) Outstanding deposits with SIDBI and MUDRA Ltd. on account of priority sector shortfall.",MODIFIED,SUBSTANTIVE_REGULATORY_CHANGE,HIGH,Regulatory modality changed from 'shall not' to 'shall'. The requirement was weakened.
PSL_2020_0034,10.0,PSL_2025_0033,11.0,0.7264777123320183,0.908339262008667,0.6049137312134373,MODIFIED,"MONETARY_VALUE, DATE, MODALITY",HIGH,,shall,STRENGTHENED,"[{""dimension"": ""MONETARY_VALUE"", ""old"": [""₹ 40 crore"", ""40 crore""], ""new"": [""₹ 50 crore"", ""50 crore""]}, {""dimension"": ""DATE"", ""old"": [], ""new"": [""january 19, 2026""]}]","The aligned regulatory provision was monetary value changed from ['₹ 40 crore', '40 crore'] to ['₹ 50 crore', '50 crore']; date changed from [] to ['january 19, 2026']; regulatory modality changed from None to shall (strengthened).","10. Export Credit (not applicable to RRBs and LABs) Export credit under agriculture and MSME sectors are allowed to be classified as PSL in the respective categories viz. agriculture and MSME. Export Credit (other than in agriculture and MSME) will be allowed to be classified as priority sector as per the following table: Domestic banks / WoS of Foreign banks/ SFBs/ UCBs Foreign banks with 20 branches and above Foreign banks with less than 20 branches Incremental export credit over corresponding date of the preceding year, up to 2 per cent of ANBC or CEOBE whichever is higher, subject to a sanctioned limit of up to ₹ 40 crore per borrower. Incremental export credit over corresponding date of the preceding year, up to 2 percent of ANBC or CEOBE whichever is higher. Export credit up to 32 per cent of ANBC or CEOBE whichever is higher.","11. Export Credit (i) Export credit includes pre-shipment and post-shipment export credit (excluding off-balance sheet items) as defined in [Reserve Bank of India 11 Deleted vide Reserve Bank of India (Priority Sector Lending – Targets and Classification) (Amendment) Directions, 2026 dated January 19, 2026 Master Directions - Priority Sector Lending – Targets and Classification - 2025 13 (Credit Facilities) Directions, 2025, as applicable to Commercial Banks, Small Finance Banks and Urban Co-operative Banks.]12 (ii) Export credit to agriculture and MSMEs shall be eligible for classification as PSL in the respective categories [and subject to the aggregate limits mentioned therein.]13 (iii) Export Credit (other than that classified under agriculture and MSME) shall be eligible for classification as priority sector lending as per the following table: Domestic banks/WoS of Foreign banks/SFBs/UCBs Foreign banks with 20 branches and above Foreign banks with less than 20 branches Incremental export credit over corresponding date of the preceding year, up to 2 per cent of ANBC or CEOBSE whichever is higher, subject to a sanctioned limit of up to ₹ 50 crore per borrower. Incremental export credit over corresponding date of the preceding year, up to 2 percent of ANBC or CEOBSE whichever is higher. Export credit up to 32 per cent of ANBC or CEOBSE whichever is higher. Note: The provisions of para 11 are not applicable to RRBs and LABs.",MODIFIED,SUBSTANTIVE_REGULATORY_CHANGE,HIGH,Regulatory modality changed from '' to 'shall'. The requirement was strengthened.
PSL_2020_0035,10.1,,,,,,REMOVED,,HIGH,,,,[],Provision 10.1 from the 2020 Directions has no reliable counterpart in the 2025 version and is therefore flagged as a removal candidate.,"10.1 Export credit includes pre-shipment and post-shipment export credit (excluding off-balance sheet items) as defined in Master Circular on Rupee / Foreign Currency Export Credit and Customer Service to Exporters issued by Department of Regulation, RBI vide DBR No.DIR.BC.14/04.02.002/2015-16 dated July 1, 2015 and updated from time to time.",,REMOVED,REGULATORY_STRUCTURE,HIGH,Provision 10.1 is present in the 2020 version without a reliable counterpart in the 2025 version. This is treated as a removal candidate.
PSL_2020_0036,11.0,PSL_2025_0034,12.0,0.7937776019235119,0.9610798954963684,0.7237655487523027,MODIFIED,MONETARY_VALUE,HIGH,,,,"[{""dimension"": ""MONETARY_VALUE"", ""old"": [""₹ 20 lakh"", ""20 lakh""], ""new"": [""₹25 lakh"", ""25 lakh""]}]","The aligned regulatory provision was monetary value changed from ['₹ 20 lakh', '20 lakh'] to ['₹25 lakh', '25 lakh'].","11. Education Loans to individuals for educational purposes, including vocational courses, not exceeding ₹ 20 lakh will be considered as eligible for priority sector classification. Loans currently classified as priority sector will continue till maturity.","12. Education Loans to individuals for educational purposes, including vocational courses, not exceeding ₹25 lakh will be considered as eligible for priority sector classification.",MODIFIED,SUBSTANTIVE_REGULATORY_CHANGE,HIGH,A monetary threshold or value changed between the two versions.
PSL_2020_0037,12.1,PSL_2025_0035,13.0,0.6441018109925182,0.8869684338569641,0.3730690894549394,MODIFIED,"MONETARY_VALUE, PERCENTAGE, DATE",HIGH,,,,"[{""dimension"": ""MONETARY_VALUE"", ""old"": [""₹35 lakh"", ""₹25 lakh"", ""₹45 lakh"", ""₹30 lakh"", ""35 lakh"", ""25 lakh"", ""45 lakh"", ""30 lakh""], ""new"": [""50 lakh"", ""10 lakh""]}, {""dimension"": ""PERCENTAGE"", ""old"": [], ""new"": [""50%""]}, {""dimension"": ""DATE"", ""old"": [""april 1, 2007""], ""new"": [""january 19, 2026"", ""april 1, 2007""]}]","The aligned regulatory provision was monetary value changed from ['₹35 lakh', '₹25 lakh', '₹45 lakh', '₹30 lakh', '35 lakh', '25 lakh', '45 lakh', '30 lakh'] to ['50 lakh', '10 lakh']; percentage changed from [] to ['50%']; date changed from ['april 1, 2007'] to ['january 19, 2026', 'april 1, 2007'].","12.1 Bank loans to Housing sector as per limits prescribed below are eligible for priority sector classification: (i) Loans to individuals up to ₹35 lakh in metropolitan centres (with population of ten lakh and above) and up to ₹25 lakh in other centres for purchase/construction of a dwelling unit per family provided the overall cost of the dwelling unit in the metropolitan centre and at other centres does not exceed ₹45 lakh and ₹30 lakh respectively. Existing individual Master Directions - Priority Sector Lending – Targets and Classification - 2020 13 housing loans of UCBs presently classified under PSL will continue as PSL till maturity or repayment. (ii) Housing loans to banks’ own employees will not be eligible for classification under the priority sector. (iii) Since Housing loans which are backed by long term bonds are exempted from ANBC, banks should not classify such loans under priority sector. Investments made by UCBs in bonds issued by NHB / HUDCO on or after April 1, 2007 shall not be eligible for classification under priority sector.","13. Housing 13.1. Bank loans to Housing sector as per limits prescribed below are eligible for priority sector classification: i. Loans to individuals for purchase/construction of a dwelling unit per family subject to the following limits: (Amount in ₹ lakh) Category Loan Limit# Maximum Cost of Dwelling Unit# Centres with population of 50 lakh and above 50 63 12 Substituted vide Reserve Bank of India (Priority Sector Lending – Targets and Classification) (Amendment) Directions, 2026 dated January 19, 2026 13 Inserted vide Reserve Bank of India (Priority Sector Lending – Targets and Classification) (Amendment) Directions, 2026 dated January 19, 2026 Master Directions - Priority Sector Lending – Targets and Classification - 2025 14 Centres with population of 10 lakh and above but below 50 lakh 45 57 Centres with population below 10 lakh 35 44 #to be eligible, the loan to satisfy both the criteria ii. Housing loans to banks’ own employees will not be eligible for classification under the priority sector. iii. Housing loans which are backed by long term bonds shall not be classified under priority sector, as they are exempted from inclusion in ANBC. Investments made by UCBs in bonds issued by NHB/HUDCO on or after April 1, 2007 shall not be eligible for classification under priority sector. 13.2. Loans for repairs to damaged dwelling units shall be eligible for priority sector classification subject to the following limits: (Amount in ₹ lakh) Category Loan Limit# Maximum Cost of Dwelling Unit# Centres with population of 50 lakh and above 15 63 Centres with population of 10 lakh and above but below 50 lakh 12 57 Centres with population below 10 lakh 10 44 #to be eligible, the loan to satisfy both the criteria 13.3. Bank loans to any governmental agency for construction of dwelling units or for slum clearance and rehabilitation of slum dwellers subject to dwelling units with carpet area of not more than 60 sq.m. 13.4. Bank loans for affordable housing projects using at least 50% of FAR/FSI for dwelling units with carpet area of not more than 60 sq.m. 13.5. Outstanding deposits with NHB on account of priority sector shortfall [Note: Banks may refer to the population at the level of ‘Urban Agglomerations’ (U.A.s)/ Towns as given in the Table “A-04” of the Census 2011 for determining adherence to the population-based classifications. For housing loans to properties situated in villages/rural areas (which are not part of the Table A-04 of the Census Master Directions - Priority Sector Lending – Targets and Classification - 2025 15 2011), the loan limits as per “Centres with population below 10 lakh” may be adhered to.]14",MODIFIED,SUBSTANTIVE_REGULATORY_CHANGE,HIGH,A regulatory percentage or target changed between the two versions.
PSL_2020_0038,12.2,,,,,,REMOVED,,HIGH,,,,[],Provision 12.2 from the 2020 Directions has no reliable counterpart in the 2025 version and is therefore flagged as a removal candidate.,12.2 Loans up to ₹10 lakh in metropolitan centres and up to ₹6 lakh in other centres for repairs to damaged dwelling units conforming to the overall cost of the dwelling unit as prescribed in para 12.1.,,REMOVED,REGULATORY_STRUCTURE,HIGH,Provision 12.2 is present in the 2020 version without a reliable counterpart in the 2025 version. This is treated as a removal candidate.
PSL_2020_0039,12.3,,,,,,REMOVED,,HIGH,,,,[],Provision 12.3 from the 2020 Directions has no reliable counterpart in the 2025 version and is therefore flagged as a removal candidate.,12.3 Bank loans to any governmental agency for construction of dwelling units or for slum clearance and rehabilitation of slum dwellers subject to dwelling units with carpet area of not more than 60 sq.m.,,REMOVED,REGULATORY_STRUCTURE,HIGH,Provision 12.3 is present in the 2020 version without a reliable counterpart in the 2025 version. This is treated as a removal candidate.
PSL_2020_0040,12.4,,,,,,REMOVED,,HIGH,,,,[],Provision 12.4 from the 2020 Directions has no reliable counterpart in the 2025 version and is therefore flagged as a removal candidate.,12.4 Bank loans for affordable housing projects using at least 50% of FAR/FSI for dwelling units with carpet area of not more than 60 sq.m.,,REMOVED,REGULATORY_STRUCTURE,HIGH,Provision 12.4 is present in the 2020 version without a reliable counterpart in the 2025 version. This is treated as a removal candidate.
PSL_2020_0041,12.5,,,,,,REMOVED,,HIGH,,,,[],Provision 12.5 from the 2020 Directions has no reliable counterpart in the 2025 version and is therefore flagged as a removal candidate.,"12.5 Bank loans to HFCs (approved by NHB for their refinance) for on-lending, up to ₹20 lakh for individual borrowers, for purchase/construction/ reconstruction of individual dwelling units or for slum clearance and rehabilitation of slum dwellers, subject to conditions specified in para 23 and 24.",,REMOVED,REGULATORY_STRUCTURE,HIGH,Provision 12.5 is present in the 2020 version without a reliable counterpart in the 2025 version. This is treated as a removal candidate.
PSL_2020_0042,12.6,,,,,,REMOVED,,HIGH,,,,[],Provision 12.6 from the 2020 Directions has no reliable counterpart in the 2025 version and is therefore flagged as a removal candidate.,12.6 Outstanding deposits with NHB on account of priority sector shortfall.,,REMOVED,REGULATORY_STRUCTURE,HIGH,Provision 12.6 is present in the 2020 version without a reliable counterpart in the 2025 version. This is treated as a removal candidate.
PSL_2020_0043,13.0,PSL_2025_0036,14.0,0.820988782455887,0.9756765961647034,0.7852759235778308,MODIFIED,MONETARY_VALUE,HIGH,,,,"[{""dimension"": ""MONETARY_VALUE"", ""old"": [""₹5 crore"", ""₹10 crore"", ""5 crore"", ""10 crore""], ""new"": [""₹8 crore"", ""₹12 crore"", ""8 crore"", ""12 crore"", ""1 lakh""]}]","The aligned regulatory provision was monetary value changed from ['₹5 crore', '₹10 crore', '5 crore', '10 crore'] to ['₹8 crore', '₹12 crore', '8 crore', '12 crore', '1 lakh'].","13. Social Infrastructure Bank loans to social infrastructure sector as per limits prescribed below are eligible for priority sector classification 13.1. Bank loans up to a limit of ₹5 crore per borrower for setting up schools, drinking water facilities and sanitation facilities including construction/ refurbishment of household toilets and water improvements at household level, etc. and loans up to a limit of ₹10 crore per borrower for building health care facilities including under ‘Ayushman Bharat’ in Tier II to Tier VI centres. Master Directions - Priority Sector Lending – Targets and Classification - 2020 14 In case of UCBs, the above limits are applicable only in centres having a population of less than one lakh. 13.2. # Bank loans to MFIs extended for on-lending to individuals and also to members of SHGs/JLGs for water and sanitation facilities subject to the criteria laid down in paragraph 21 of these Master Directions. # not applicable to RRBs, UCBs and SFBs.","14. Social Infrastructure Bank loans to social infrastructure sector as per limits prescribed below are eligible for priority sector classification. 14.1. Loans up to a limit of ₹8 crore per borrower for setting up schools, drinking water facilities and sanitation facilities including construction/refurbishment of household toilets and water improvements at household level, etc. 14.2. Loans up to a limit of ₹12 crore per borrower for building health care facilities in Tier II to Tier VI centres. In case of UCBs, the equivalent centres are those [with population of less than 1 lakh.]15 14.3. Loans (other than by RRBs, UCBs and SFBs) to MFIs extended for on- lending to individuals and also to members of SHGs/JLGs for water and sanitation facilities subject to the criteria laid down in paragraph 22 of these Master Directions.",MODIFIED,SUBSTANTIVE_REGULATORY_CHANGE,HIGH,A monetary threshold or value changed between the two versions.
PSL_2020_0044,14.0,PSL_2025_0037,15.0,0.8086589101450378,0.9862200021743774,0.7230896166618448,MODIFIED,MONETARY_VALUE,HIGH,,,,"[{""dimension"": ""MONETARY_VALUE"", ""old"": [""₹30 crore"", ""₹10 lakh"", ""30 crore"", ""10 lakh""], ""new"": [""₹35 crore"", ""₹10 lakh"", ""35 crore"", ""10 lakh""]}]","The aligned regulatory provision was monetary value changed from ['₹30 crore', '₹10 lakh', '30 crore', '10 lakh'] to ['₹35 crore', '₹10 lakh', '35 crore', '10 lakh'].","14. Renewable Energy Bank loans up to a limit of ₹30 crore to borrowers for purposes like solar based power generators, biomass-based power generators, wind mills, micro-hydel plants and for non-conventional energy based public utilities, viz., street lighting systems and remote village electrification etc., will be eligible for Priority Sector classification. For individual households, the loan limit will be ₹10 lakh per borrower.","15. Renewable Energy Bank loans up to a limit of ₹35 crore to borrowers for renewable energy-based power generators and for renewable energy based public utilities, viz., street lighting systems, remote village electrification etc., will be eligible for priority sector classification. For individual households, the loan limit will be ₹10 lakh per borrower.",MODIFIED,SUBSTANTIVE_REGULATORY_CHANGE,HIGH,A monetary threshold or value changed between the two versions.
PSL_2020_0045,15.0,PSL_2025_0038,16.0,0.7050521573813584,0.8601789474487305,0.6298159233039705,MODIFIED,"MONETARY_VALUE, DATE",HIGH,,,,"[{""dimension"": ""MONETARY_VALUE"", ""old"": [""₹1.00 lakh"", ""₹1.60 lakh"", ""₹2.00 lakh"", ""rs. 15.3"", ""₹50 crore"", ""1.00 lakh"", ""1.60 lakh"", ""2.00 lakh"", ""50 crore""], ""new"": [""₹2.00 lakh"", ""₹1.00 lakh"", ""₹50 crore"", ""2.00 lakh"", ""1.00 lakh"", ""50 crore""]}, {""dimension"": ""DATE"", ""old"": [], ""new"": [""january 19, 2026""]}]","The aligned regulatory provision was monetary value changed from ['₹1.00 lakh', '₹1.60 lakh', '₹2.00 lakh', 'rs. 15.3', '₹50 crore', '1.00 lakh', '1.60 lakh', '2.00 lakh', '50 crore'] to ['₹2.00 lakh', '₹1.00 lakh', '₹50 crore', '2.00 lakh', '1.00 lakh', '50 crore']; date changed from [] to ['january 19, 2026'].","15. Others The following loans as per the prescribed limits are eligible for priority sector classification: 15.1. Loans not exceeding ₹1.00 lakh per borrower provided directly by banks to individuals and individual members of SHG/JLG, provided the individual borrower’s household annual income in rural areas does not exceed ₹1.00 lakh and for non-rural areas it does not exceed ₹1.60 lakh, and loans not exceeding ₹2.00 lakh provided directly by banks to SHG/JLG for activities other than agriculture or MSME, viz., loans for meeting social needs, construction or repair of house, construction of toilets or any viable common activity started by the SHGs. 15.2. Loans to distressed persons [other than distressed farmers indebted to non- institutional lenders] not exceeding ₹1.00 lakh per borrower to prepay their debt to non-institutional lenders. 15.3. Loans sanctioned to State Sponsored Organisations for Scheduled Castes/ Scheduled Tribes for the specific purpose of purchase and supply of inputs Master Directions - Priority Sector Lending – Targets and Classification - 2020 15 and/or the marketing of the outputs of the beneficiaries of these organisations. 15.4. Loans up to ₹50 crore to Start-ups, as per definition of Ministry of Commerce and Industry, Govt. of India that are engaged in activities other than Agriculture or MSME.","16. Others The following loans up to the prescribed limits are eligible for priority sector classification: i. [Microfinance]16 loans provided directly by banks to individuals and individual members of SHGs/JLGs satisfying the criteria as prescribed in [Reserve Bank 14 Inserted vide Reserve Bank of India (Priority Sector Lending – Targets and Classification) (Amendment) Directions, 2026 dated January 19, 2026 15 Substituted vide Reserve Bank of India (Priority Sector Lending – Targets and Classification) (Amendment) Directions, 2026 dated January 19, 2026 16 Inserted vide Reserve Bank of India (Priority Sector Lending – Targets and Classification) (Amendment) Directions, 2026 dated January 19, 2026 Master Directions - Priority Sector Lending – Targets and Classification - 2025 16 of India (Credit Facilities) Directions, 2025, as applicable to Commercial Banks, Small Finance Banks, Regional Rural Banks, Urban Co-operative Banks and Local Area Banks.]17 ii. Loans not exceeding ₹2.00 lakh provided by banks to SHG/JLG for activities other than agriculture or MSME, viz., loans for meeting social needs, construction or repair of house, construction of toilets or any viable common activity started by SHGs iii. Loans to distressed persons [other than distressed farmers indebted to non- institutional lenders] not exceeding ₹1.00 lakh per borrower to prepay their debt to non-institutional lenders iv. Loans sanctioned to State Sponsored Organisations for Scheduled Castes/ Scheduled Tribes for the specific purpose of purchase and supply of inputs and/or the marketing of the outputs of the beneficiaries of these organisations v. Loans up to ₹50 crore to Start-ups18, that are engaged in activities other than agriculture or MSME",MODIFIED,SUBSTANTIVE_REGULATORY_CHANGE,HIGH,A monetary threshold or value changed between the two versions.
PSL_2020_0046,16.1,PSL_2025_0039,17.1,0.7156614853267449,0.8613163232803345,0.6629056378618142,MODIFIED,"MONETARY_VALUE, DATE",HIGH,,,,"[{""dimension"": ""MONETARY_VALUE"", ""old"": [""₹1 lakh"", ""1 lakh""], ""new"": [""₹2 lakh"", ""₹1 lakh"", ""2 lakh"", ""1 lakh""]}, {""dimension"": ""DATE"", ""old"": [], ""new"": [""january 19, 2026""]}]","The aligned regulatory provision was monetary value changed from ['₹1 lakh', '1 lakh'] to ['₹2 lakh', '₹1 lakh', '2 lakh', '1 lakh']; date changed from [] to ['january 19, 2026'].","16.1 Priority sector loans to the following borrowers will be considered as lending under Weaker Sections category: (i) Small and Marginal Farmers (ii) Artisans, village and cottage industries where individual credit limits do not exceed ₹1 lakh (iii) Beneficiaries under Government Sponsored Schemes such as National Rural Livelihood Mission (NRLM), National Urban Livelihood Mission (NULM) and Self Employment Scheme for Rehabilitation of Manual Scavengers (SRMS) (iv) Scheduled Castes and Scheduled Tribes (v) Beneficiaries of Differential Rate of Interest (DRI) scheme (vi) Self Help Groups (vii) Distressed farmers indebted to non-institutional lenders (viii) Distressed persons other than farmers, with loan amount not exceeding ₹1 lakh per borrower to prepay their debt to non-institutional lenders (ix) Individual women beneficiaries up to ₹1 lakh per borrower (For UCBs, existing loans to women will continue to be classified under weaker sections till their maturity/repayment.) (x) Persons with disabilities (xi) Minority communities as may be notified by Government of India from time to time.","17.1 Priority sector loans to the following borrowers will be considered as lending to Weaker Sections (overlapping category): (i) Small and Marginal Farmers (ii) Artisans, village and cottage industries where individual credit limits do not exceed ₹2 lakh (iii) Beneficiaries under Government Sponsored Schemes such as National Rural Livelihood Mission (NRLM), [****]19 and Self Employment Scheme for Rehabilitation of Manual Scavengers (SRMS) (iv) Scheduled Castes and Scheduled Tribes (v) Beneficiaries of Differential Rate of Interest (DRI) scheme (vi) Self Help Groups/Joint Liability Groups (vii) Individuals and individual members of SHGs/JLGs [availing microfinance loans satisfying the criteria as prescribed in Reserve Bank of India (Credit Facilities) 17 Substituted vide Reserve Bank of India (Priority Sector Lending – Targets and Classification) (Amendment) Directions, 2026 dated January 19, 2026 18 As per definition of Ministry of Commerce and Industry, Govt. of India 19 Deleted vide Reserve Bank of India (Priority Sector Lending – Targets and Classification) (Amendment) Directions, 2026 dated January 19, 2026 Master Directions - Priority Sector Lending – Targets and Classification - 2025 17 Directions, 2025, as applicable to Commercial Banks, Small Finance Banks, Regional Rural Banks, Urban Co-operative Banks and Local Area Banks.]20 (viii) Individual women beneficiaries up to ₹2 lakh per borrower (the limit of ‘₹2 lakh per borrower’ is not applicable to UCBs) (ix) Distressed farmers indebted to non-institutional lenders (x) Distressed persons other than farmers, with loan amount not exceeding ₹1 lakh per borrower to prepay their debt to non-institutional lenders (xi) Persons with disabilities (xii) Transgenders (xiii) Minority communities as may be notified by Government of India from time to time.",MODIFIED,SUBSTANTIVE_REGULATORY_CHANGE,HIGH,A monetary threshold or value changed between the two versions.
PSL_2020_0047,16.2,PSL_2025_0040,17.2,0.8588376597923517,0.96761953830719,0.92755296374774,WORDING_ONLY,WORDING,LOW,,,,[],The provisions are semantically aligned but show wording or structural differences without a detected regulatory-value change.,"16.2 Overdraft availed by PMJDY account holders as per limits and conditions prescribed by Department of Financial Services, Ministry of Finance from time to time may be classified under Weaker Sections.","17.2 Overdraft availed by PMJDY account holders as per limits and conditions prescribed by Department of Financial Services, Ministry of Finance from time to time may be classified under loans to Weaker Sections.",WORDING_ONLY,WORDING_CHANGE,LOW,The provision remains semantically aligned but contains wording or structural changes without a detected substantive regulatory value change.
PSL_2020_0048,16.3,PSL_2025_0041,17.3,0.7776309947822015,0.8652374744415283,0.8616282875847554,WORDING_ONLY,WORDING,LOW,,,,[],The provisions are semantically aligned but show wording or structural differences without a detected regulatory-value change.,"16.3 In States, where one of the minority communities notified is, in fact, in majority, item (xi) will cover only the other notified minorities. These States/ Union Territories are Punjab, Meghalaya, Mizoram, Nagaland, Lakshadweep and Jammu & Kashmir. Master Directions - Priority Sector Lending – Targets and Classification - 2020 16 CHAPTER IV MISCELLANEOUS","17.3 In States, where one of the minority communities notified is, in fact, in majority, item (xiii) will cover only the other notified minorities. These States/Union Territories are Punjab, Meghalaya, Mizoram, Nagaland, Lakshadweep and Jammu & Kashmir. CHAPTER IV MISCELLANEOUS",WORDING_ONLY,WORDING_CHANGE,LOW,The provision remains semantically aligned but contains wording or structural changes without a detected substantive regulatory value change.
PSL_2020_0049,17.0,PSL_2025_0042,18.0,0.6007553465914394,0.8434417247772217,0.3156342532077316,MODIFIED,"DATE, MODALITY",HIGH,should,may,WEAKENED,"[{""dimension"": ""DATE"", ""old"": [""may 7, 2012""], ""new"": [""january 19, 2026""]}]","The aligned regulatory provision was date changed from ['may 7, 2012'] to ['january 19, 2026']; regulatory modality changed from should to may (weakened).","17. Investments by banks in securitised assets (not applicable to RRBs and UCBs) Investments by banks in ‘securitised assets’, representing loans to various categories of priority sector, except 'others' category, are eligible for classification under respective categories of priority sector depending on the underlying assets provided: (i) The assets are originated by banks and financial institutions and are eligible to be classified as priority sector advances prior to securitisation and fulfil the Reserve Bank of India guidelines on securitisation issued vide circular DBOD.No.BP.BC-103/21.04.177/2011-12 dated May 7, 2012 and updated from time to time. (ii) The all-inclusive interest charged to the ultimate borrower by the originating entity should not exceed the External Benchmark Lending Rate (EBLR)/ MCLR of the investing bank plus appropriate spread which will be communicated separately. (iii) The investments in securitised assets originated by MFIs, which comply with the guidelines in Paragraph 21 of these Master Directions are exempted from this interest cap as there are separate caps on margin and interest rate for MFIs. (iv) Purchase/ assignment/investment transactions undertaken by banks with NBFCs, where the underlying assets are loans against gold jewellery, are not eligible for priority sector status.","18. Investments by banks in Securitisation Notes Investments by banks in ‘Securitisation Notes’, representing loans to various priority sector categories, except 'others' category, are eligible for classification under the respective categories depending on the underlying assets, subject to the following conditions: i. The assets are originated by banks and financial institutions and are eligible to be classified as priority sector advances prior to securitisation and fulfil the [provisions of Reserve Bank of India (Securitisation Transactions) Directions, 2025, as applicable to the various entities.]21 20 Substituted vide Reserve Bank of India (Priority Sector Lending – Targets and Classification) (Amendment) Directions, 2026 dated January 19, 2026 21 Substituted vide Reserve Bank of India (Priority Sector Lending – Targets and Classification) (Amendment) Directions, 2026 dated January 19, 2026 Master Directions - Priority Sector Lending – Targets and Classification - 2025 18 ii. Investment by banks in securitisation notes with loans against gold jewellery originated by NBFCs as underlying, are not eligible for priority sector status. [18A. To ascertain priority sector status of the underlying portfolio, banks may rely on a combination of any external auditors’ certification provided by the originating entity and conduct of sample check by their own staff or by an auditor for the purpose. This may be specified in their internal policy.]22 Note: The provisions of para 18 are not applicable to [SFBs, LABs,]23 RRBs and UCBs",MODIFIED,SUBSTANTIVE_REGULATORY_CHANGE,HIGH,Regulatory modality changed from 'should' to 'may'. The requirement was weakened.
PSL_2020_0050,18.0,PSL_2025_0043,19.0,0.6153934192456173,0.8086373209953308,0.4340367157582995,MODIFIED,"DATE, MODALITY",HIGH,must,shall,CHANGED,"[{""dimension"": ""DATE"", ""old"": [""may 7, 2012""], ""new"": [""january 19, 2026""]}]","The aligned regulatory provision was date changed from ['may 7, 2012'] to ['january 19, 2026']; regulatory modality changed from must to shall (changed).","18. Transfer of Assets through Direct Assignment /Outright purchase (not applicable to RRBs and UCBs) Assignment/outright purchase of pool of assets by banks representing loans under various categories of priority sector, except the ‘others’ category, will be eligible for classification under respective categories of priority sector provided: Master Directions - Priority Sector Lending – Targets and Classification - 2020 17 (i) The assets are originated by banks and financial institutions which are eligible to be classified as priority sector advances prior to the purchase and fulfil the Reserve Bank of India guidelines on outright purchase/assignment issued vide circular DBOD.No.BP.BC-103/21.04.177/2011-12 dated May 7, 2012 and updated from time to time. (ii) The all-inclusive interest charged to the ultimate borrower by the originating entity should not exceed the External Benchmark Lending Rate (EBLR)/ MCLR of the purchasing bank plus appropriate spread as communicated separately. (iii) The Assignments/Outright purchases of eligible priority sector loans from MFIs, which comply with the guidelines in Paragraph 21 of these Master Directions are exempted from this interest rate cap as there are separate caps on margin and interest rate for MFIs. (iv) When the bank undertakes outright purchase of loan assets (eligible to be classified under priority sector) from banks/ financial institutions, they must report the outstanding amount actually disbursed to priority sector borrowers and not the premium embedded amount paid to the seller. (v) Purchase/ assignment/ investment transactions undertaken by banks with NBFCs, where the underlying assets are loans against gold jewellery, are not eligible for priority sector status.","19. Transfer of Assets through Direct Assignment/Outright purchase Assignment/outright purchase of pool of assets by banks representing loans under various priority sector categories, except the ‘others’ category, will be eligible for classification under the respective categories, subject to the following conditions: (i) The assets are originated by banks and financial institutions and are eligible to be classified as priority sector advances prior to the purchase and fulfil the [provisions of the Reserve Bank of India (Transfer and Distribution of Credit Risk) Directions, 2025, as applicable to Commercial Banks and Small Finance Banks.]24 (ii) Banks shall report the outstanding amount actually disbursed to priority sector borrowers and not the premium embedded amount paid to the seller. (iii) Loans against gold jewellery acquired by banks from NBFCs are not eligible for priority sector status. Note: The provisions of para 19 are not applicable to [LABs]25, RRBs and UCBs. 22 Inserted vide Reserve Bank of India (Priority Sector Lending – Targets and Classification) (Amendment) Directions, 2026 dated January 19, 2026 23 Inserted vide Reserve Bank of India (Priority Sector Lending – Targets and Classification) (Amendment) Directions, 2026 dated January 19, 2026 24 Substituted vide Reserve Bank of India (Priority Sector Lending – Targets and Classification) (Amendment) Directions, 2026 dated January 19, 2026 25 Inserted vide Reserve Bank of India (Priority Sector Lending – Targets and Classification) (Amendment) Directions, 2026 dated January 19, 2026 Master Directions - Priority Sector Lending – Targets and Classification - 2025 19",MODIFIED,SUBSTANTIVE_REGULATORY_CHANGE,HIGH,Regulatory modality changed from 'must' to 'shall'.
PSL_2020_0051,19.0,PSL_2025_0044,20.0,0.736395998508074,0.9469243884086608,0.560804551542925,MODIFIED,DATE,MEDIUM,,,,"[{""dimension"": ""DATE"", ""old"": [""december 31, 1988"", ""august 4, 2009""], ""new"": []}]","The aligned regulatory provision was date changed from ['december 31, 1988', 'august 4, 2009'] to [].","19. Inter Bank Participation Certificates (IBPCs) (not applicable to UCBs) (i) IBPCs bought by banks, on a risk sharing basis, are eligible for classification under respective categories of priority sector, provided the underlying assets are eligible to be categorized under the respective categories of priority sector and the banks fulfil the Reserve Bank of India guidelines on IBPCs issued vide circular DBOD.No.BP.BC.57/62-88 dated December 31, 1988 and updated from time to time. (ii) IBPCs bought by banks on risk sharing basis relating to ‘Export Credit’ as per Para 10, may be classified from purchasing bank’s perspective for Master Directions - Priority Sector Lending – Targets and Classification - 2020 18 priority sector categorization. However, in such a scenario, the issuing bank shall certify that the underlying asset is ‘Export Credit’, in addition to the due diligence required to be undertaken by the issuing and the purchasing bank as per guidelines in this regard. (iii) RRBs are allowed to issue Inter Bank Participation Certificates (IBPCs) to Scheduled Commercial Banks in respect of their priority sector advances in excess of 75 per cent of their outstanding advances. RRBs have to adhere to guidelines on IBPC vide circular RBI/2009-10/113 RPCD.CO.RRB.BC.No.13/03.05.33/2009-10 dated August 4, 2009 and updated from time to time.","20. Inter Bank Participation Certificates (IBPCs) (i) IBPCs bought by banks, on a risk sharing basis, are eligible for classification under the respective priority sector categories, provided the underlying assets are eligible to be classified under the respective categories and the banks fulfil [the relevant provisions of the Reserve Bank of India (Transfer and Distribution of Credit Risk) Directions, 2025, as applicable to Commercial Banks and Small Finance Banks.]26 (ii) IBPCs bought by banks on risk sharing basis relating to ‘Export Credit’ as per Para 11, shall be classified from purchasing bank’s perspective for priority sector categorization. However, in such a scenario, the issuing bank shall certify that the underlying asset is ‘Export Credit’, in addition to the due diligence required to be undertaken by the issuing and the purchasing banks as per guidelines in this regard. Note: The provisions of para 20 are not applicable to [LABs, RRBs and]27 UCBs.",ADMINISTRATIVE_CHANGE,DOCUMENT_METADATA,LOW,A document-level date difference was detected. It is treated as an administrative or metadata change rather than a substantive regulatory requirement change.
PSL_2020_0052,20.0,PSL_2025_0045,21.0,0.6266687024320341,0.9055374264717102,0.2778206628843071,MODIFIED,"DATE, MODALITY",HIGH,may,permitted to,CHANGED,"[{""dimension"": ""DATE"", ""old"": [""april 7, 2016"", ""october 6, 2016""], ""new"": []}]","The aligned regulatory provision was date changed from ['april 7, 2016', 'october 6, 2016'] to []; regulatory modality changed from may to permitted to (changed).","20. Priority Sector Lending Certificates (PSLCs) The outstanding PSLCs bought by banks will be eligible for classification under respective categories of priority sector provided the underlying assets originated by banks are eligible to be classified as priority sector advances and fulfil the Reserve Bank of India guidelines on Priority Sector Lending Certificates issued vide Circular FIDD.CO.Plan.BC.23/04.09.001/2015-16 dated April 7, 2016. SFBs may further be guided by the terms and conditions specified in Para 1.9 of DBR circular No. DBR.NBD.26/16.13.218/2016-17 dated October 6, 2016 on credit risk transfer and portfolio sales/purchases.",21. Priority Sector Lending Certificates (PSLCs) Banks are permitted to purchase/sell PSLCs in terms of Reserve Bank of India guidelines on Priority Sector Lending Certificates [as detailed in Annex IIIA.]28 The net nominal value of the PSLCs issued and purchased will be eligible for classification under the respective priority sector categories provided the underlying assets originated by banks are eligible to be classified as priority sector advances. SFBs [are permitted to purchase PSLCs only for the specific purpose of meeting the PSL sub-targets within the overall PSL target.]29,MODIFIED,SUBSTANTIVE_REGULATORY_CHANGE,HIGH,Regulatory modality changed from 'may' to 'permitted to'.
PSL_2020_0053,21.0,PSL_2025_0046,22.0,0.6119591517956353,0.8553609848022461,0.3291417902414327,MODIFIED,"MONETARY_VALUE, PERCENTAGE, DATE, MODALITY",HIGH,,shall,STRENGTHENED,"[{""dimension"": ""MONETARY_VALUE"", ""old"": [], ""new"": [""₹500 crore"", ""500 crore""]}, {""dimension"": ""PERCENTAGE"", ""old"": [], ""new"": [""10%""]}, {""dimension"": ""DATE"", ""old"": [""september 1, 2016""], ""new"": [""january 19, 2026""]}]","The aligned regulatory provision was monetary value changed from [] to ['₹500 crore', '500 crore']; percentage changed from [] to ['10%']; date changed from ['september 1, 2016'] to ['january 19, 2026']; regulatory modality changed from None to shall (strengthened).","21. Bank loans to MFIs (NBFC-MFIs, Societies, Trusts, etc.) for on-lending (not applicable to RRBs, UCBs, SFBs and LABs) Bank credit extended to registered NBFC-MFIs and other MFIs (Societies, Trusts etc.) which are members of RBI recognised SRO for the sector, for on-lending to individuals and also to members of SHGs / JLGs will be eligible for categorisation as priority sector advance under respective categories viz., Agriculture, MSME, Social Infrastructure and Others, provided the MFIs adhere to the conditions prescribed in Chapter II (xx) and Chapter VIII of Master Directions DNBR PD.007 and Chapter II (xx) and Chapter IX of Master Directions DNBR PD.008/03.10.119/ 2016-17 dated September 1, 2016 and as updated from time to time. Master Directions - Priority Sector Lending – Targets and Classification - 2020 19","22. Bank loans to MFIs (NBFC-MFIs, Societies, Trusts, etc.) for On-Lending 26 Substituted vide Reserve Bank of India (Priority Sector Lending – Targets and Classification) (Amendment) Directions, 2026 dated January 19, 2026 27 Inserted vide Reserve Bank of India (Priority Sector Lending – Targets and Classification) (Amendment) Directions, 2026 dated January 19, 2026 28 Substituted vide Reserve Bank of India (Priority Sector Lending – Targets and Classification) (Amendment) Directions, 2026 dated January 19, 2026 29 Substituted vide Reserve Bank of India (Priority Sector Lending – Targets and Classification) (Amendment) Directions, 2026 dated January 19, 2026 Master Directions - Priority Sector Lending – Targets and Classification - 2025 20 Loans disbursed by banks to MFIs under para 22 (i) and 22 (ii) below are eligible for categorisation as priority sector advances under respective categories viz., Agriculture, MSME, Social Infrastructure and Others, provided the MFIs adhere to the conditions prescribed in [Reserve Bank of India (Non-Banking Financial Companies – Microfinance Institution) Directions, 2025 and banks obtain external auditors’ certificates from MFIs confirming that on-lending benefit in respect of these loans has not been claimed from any other bank]30 (i) Loans by banks other than SFBs to registered NBFC-MFIs and other MFIs (Societies, Trusts, etc.) which are members of RBI recognised Self-Regulatory Organisation (SRO) for the sector, for on-lending to individuals and also to members of SHGs/JLGs (ii) Loans by SFBs to registered NBFC-MFIs and other MFIs (Societies, Trusts, etc.) which are members of RBI recognised SRO of the sector, and which have a ‘gross loan portfolio’ (GLP) of up to ₹500 crore as on March 31 of the previous year, for the purpose of on-lending to individuals31. In case the GLP of the NBFC- MFIs/other MFIs exceeds the stipulated limit at a later date, all priority sector loans created prior to exceeding the GLP limit will continue to be classified by the SFBs as PSL till repayment/maturity, whichever is earlier. Bank credit as above, up to an overall limit of 10% of an individual bank’s total priority sector lending of the previous financial year, is eligible for PSL classification. Banks shall determine adherence to the prescribed cap by averaging the eligible portfolio under on- lending mechanism across four quarters of the current financial year. Note: The provisions of para 22 are not applicable to RRBs, UCBs and LABs.",MODIFIED,SUBSTANTIVE_REGULATORY_CHANGE,HIGH,Regulatory modality changed from '' to 'shall'. The requirement was strengthened.
PSL_2020_0054,22.0,PSL_2025_0047,23.0,0.6625360743963057,0.9174044728279114,0.3736445959287662,MODIFIED,"MONETARY_VALUE, DATE",HIGH,,,,"[{""dimension"": ""MONETARY_VALUE"", ""old"": [""₹ 10 lakh"", ""₹ 20 lakh"", ""10 lakh"", ""20 lakh""], ""new"": [""₹10 lakh"", ""₹20 lakh"", ""10 lakh"", ""20 lakh""]}, {""dimension"": ""DATE"", ""old"": [""march 31, 2021""], ""new"": [""january 19, 2026"", ""may 5, 2021""]}]","The aligned regulatory provision was monetary value changed from ['₹ 10 lakh', '₹ 20 lakh', '10 lakh', '20 lakh'] to ['₹10 lakh', '₹20 lakh', '10 lakh', '20 lakh']; date changed from ['march 31, 2021'] to ['january 19, 2026', 'may 5, 2021'].","22. Bank loans to NBFCs for on-lending (not applicable to RRBs, UCBs, SFBs and LABs) Bank credit to registered NBFCs (other than MFIs) for on-lending will be eligible for classification as priority sector under respective categories subject to the following conditions: (i) Agriculture: On-lending by NBFCs for ‘Term lending’ component under Agriculture will be allowed up to ₹ 10 lakh per borrower. (ii) Micro & Small enterprises: On-lending by NBFC will be allowed up to ₹ 20 lakh per borrower. The above dispensation shall be valid upto March 31, 2021 and will be reviewed thereafter. However, loans disbursed under the on-lending model will continue to be classified under Priority Sector till the date of repayment/maturity.","23. Bank loans to NBFCs for On-Lending Bank credit to registered NBFCs (other than MFIs) for on-lending will be eligible for classification as priority sector lending under the respective categories subject to the following conditions: 30 Substituted vide Reserve Bank of India (Priority Sector Lending – Targets and Classification) (Amendment) Directions, 2026 dated January 19, 2026 31 With effect from May 5, 2021 Master Directions - Priority Sector Lending – Targets and Classification - 2025 21 (i) Agriculture: Up to ₹10 lakh per borrower in respect of ‘term lending’ component under Agriculture (ii) Micro & Small enterprises: Up to ₹20 lakh per borrower provided banks maintain disaggregated data of such loans in the portfolio. [(iii) Banks shall obtain external auditors’ certificates from the NBFCs confirming that on-lending benefit in respect of such loans has not been claimed from any other bank.]32 Note: The provisions of para 23 are not applicable to RRBs, UCBs, SFBs and LABs.",MODIFIED,SUBSTANTIVE_REGULATORY_CHANGE,HIGH,A monetary threshold or value changed between the two versions.
PSL_2020_0055,23.0,PSL_2025_0048,24.0,0.6041942039127092,0.7855820655822754,0.4428164492034052,MODIFIED,"DATE, MODALITY",HIGH,should,shall,STRENGTHENED,"[{""dimension"": ""DATE"", ""old"": [], ""new"": [""january 19, 2026""]}]","The aligned regulatory provision was date changed from [] to ['january 19, 2026']; regulatory modality changed from should to shall (strengthened).","23. Bank loans to HFCs for on-lending (not applicable to RRBs, SFBs and LABs) Bank credit to Housing Finance Companies (HFCs), approved by NHB for their refinance, for on-lending for the purpose of purchase/construction/ reconstruction of individual dwelling units or for slum clearance and rehabilitation of slum dwellers, subject to an aggregate loan limit of ₹20 lakh per borrower. Banks should maintain necessary borrower-wise details of the underlying portfolio.","24. Bank loans to HFCs for On-Lending Bank credit to Housing Finance Companies (HFCs), approved by NHB for their refinance, for on-lending for the purpose of purchase/construction/reconstruction of individual dwelling units or for slum clearance and rehabilitation of slum dwellers, [will be eligible for classification as PSL]33 subject to an aggregate loan limit of ₹20 lakh per borrower, under ‘Housing’ category. Banks shall maintain necessary borrower- wise details of the underlying portfolio [and obtain external auditors’ certificates from the HFCs, confirming that on-lending benefit in respect of such loans has not been claimed from any other bank.]34 Note: The provisions of para 24 are not applicable to RRBs, SFBs and LABs. [24A. Bank loans to NCDC for on-lending Bank credit to National Co-operative Development Corporation (NCDC) for on-lending to co-operative societies for purposes and activities as laid down in this Master Direction will be eligible for classification as priority sector lending under the respective categories. This is subject to NCDC furnishing quarterly certificates by a CAG35 32 Inserted vide Reserve Bank of India (Priority Sector Lending – Targets and Classification) (Amendment) Directions, 2026 dated January 19, 2026 33 Inserted vide Reserve Bank of India (Priority Sector Lending – Targets and Classification) (Amendment) Directions, 2026 dated January 19, 2026 34 Inserted vide Reserve Bank of India (Priority Sector Lending – Targets and Classification) (Amendment) Directions, 2026 dated January 19, 2026 35 Comptroller and Auditor General of India Master Directions - Priority Sector Lending – Targets and Classification - 2025 22 empanelled chartered accountant firm, to the lending banks, confirming that the bank credit has been utilized for extending loans to co-operative societies for PSL eligible purposes and that on-lending benefit in respect of such loans has not been claimed from any other bank. Note: (i)The provisions of para 24A are applicable to loans sanctioned by banks to NCDC after January 19, 2026. (ii) The provisions of para 24A are not applicable to RRBs, UCBs, SFBs and LABs.]36",MODIFIED,SUBSTANTIVE_REGULATORY_CHANGE,HIGH,Regulatory modality changed from 'should' to 'shall'. The requirement was strengthened.
PSL_2020_0056,24.0,PSL_2025_0049,25.0,0.6869316858446674,0.9096896052360536,0.4703929564674947,MODIFIED,PERCENTAGE,HIGH,,,,"[{""dimension"": ""PERCENTAGE"", ""old"": [], ""new"": [""5%""]}]",The aligned regulatory provision was percentage changed from [] to ['5%'].,"24. Cap on On-lending Bank credit to NBFCs (including HFCs) for on-lending as applicable in para 22 and 23 above, will be allowed up to an overall limit of five percent of individual bank’s total priority sector lending. Banks shall compute the eligible portfolio under on- lending mechanism by averaging across four quarters, to determine adherence to the prescribed cap.","25. Cap on On-Lending Bank credit to NBFCs (including HFCs) [and NCDC]37 for on-lending as applicable in para 23, 24 [and 24A]37 above, will be eligible for PSL classification up to an overall limit of 5% of individual bank’s total priority sector lending of the previous financial year. Banks shall determine adherence to the prescribed cap by averaging the eligible portfolio under on-lending mechanism across four quarters of the current financial year. [In case of a newly licensed bank, the cap shall be applicable on an on-going basis during its first year of operations.]37",MODIFIED,SUBSTANTIVE_REGULATORY_CHANGE,HIGH,A regulatory percentage or target changed between the two versions.
PSL_2020_0057,25.0,PSL_2025_0050,26.0,0.5525202443428463,0.7585762739181519,0.324581560236754,MODIFIED,"DATE, MODALITY",HIGH,should,shall,STRENGTHENED,"[{""dimension"": ""DATE"", ""old"": [""september 21, 2018""], ""new"": [""november 5, 2020"", ""september 21, 2018"", ""january 19, 2026""]}]","The aligned regulatory provision was date changed from ['september 21, 2018'] to ['november 5, 2020', 'september 21, 2018', 'january 19, 2026']; regulatory modality changed from should to shall (strengthened).","25. Co-origination of loans by Banks and NBFCs for lending to priority sector (not applicable to RRBs, UCBs, SFBs and LABs) All commercial banks may engage with NBFCs-ND-SI (hereinafter referred to as NBFC) to co-originate loans for the creation of priority sector assets. The arrangement should entail joint contribution of credit at the facility level, by both lenders. It should also involve sharing of risks and rewards between the bank and the NBFC for ensuring appropriate alignment of respective business objectives, Master Directions - Priority Sector Lending – Targets and Classification - 2020 20 as per the mutually decided agreement between the bank and the NBFC. Detailed guidelines, in this regard, have been issued vide our circular No. FIDD.CO.Plan.BC/ 08/04.09.01/ 2018-19 dated September 21, 2018.","26. Co-lending [Banks are permitted to enter into co-lending arrangements for lending to priority sectors as per Reserve Bank of India (Commercial Banks – Transfer and Distribution of Credit Risk) Directions, 2025. Loans extended as per circular FIDD.CO.Plan.BC.No.8/04.09.01/2020-21 dated November 5, 2020 on Co- lending by Banks and NBFCs to Priority Sector and as per circular No. FIDD.CO.Plan.BC.08/04.09.01/2018-19 dated September 21, 2018 on Co- origination of loans by Banks and NBFCs for lending to priority sector, shall continue to be eligible for priority sector classification till repayment/ maturity, whichever is earlier.]38 36 Inserted vide Reserve Bank of India (Priority Sector Lending – Targets and Classification) (Amendment) Directions, 2026 dated January 19, 2026 37 Inserted vide Reserve Bank of India (Priority Sector Lending – Targets and Classification) (Amendment) Directions, 2026 dated January 19, 2026 38 Substituted vide Reserve Bank of India (Priority Sector Lending – Targets and Classification) (Amendment) Directions, 2026 dated January 19, 2026 Master Directions - Priority Sector Lending – Targets and Classification - 2025 23 Note: The provisions of para 26 are not applicable to RRBs, UCBs, SFBs and LABs.",MODIFIED,SUBSTANTIVE_REGULATORY_CHANGE,HIGH,Regulatory modality changed from 'should' to 'shall'. The requirement was strengthened.
,,PSL_2025_0051,27.0,,,,ADDED,,HIGH,,,,[],New regulatory provision 27.0 appears in the 2025 Directions and has no aligned provision in the 2020 version.,,"27. PSL eligibility for COVID-19 measures Outstanding loans extended under policy measures to mitigate the financial impact of COVID-19, as detailed in Annex-IV, shall be eligible for classification as priority sector lending.",ADDED,REGULATORY_STRUCTURE,HIGH,Provision 27.0 is present in the 2025 version without a reliable counterpart in the 2020 version.
PSL_2020_0058,26.0,PSL_2025_0052,28.0,0.7157914273471623,0.9457429051399232,0.4944855744742648,MODIFIED,"DEADLINE, DATE",HIGH,,,,"[{""dimension"": ""DEADLINE"", ""old"": [], ""new"": [""within fifteen days""]}, {""dimension"": ""DATE"", ""old"": [], ""new"": [""february 27, 2024""]}]","The aligned regulatory provision was deadline changed from [] to ['within fifteen days']; date changed from [] to ['february 27, 2024'].","26. Monitoring of Priority Sector Lending targets To ensure continuous flow of credit to priority sector, the compliance of banks will be monitored on ‘quarterly’ basis. The data on priority sector advances is required to be furnished by banks to FIDD, Central Office at quarterly and annual intervals as per the reporting format (quarterly and annual). In respect of RRBs, the data on priority sector advances, in the above format, must be furnished to NABARD at quarterly and annual intervals. In respect of UCBs, the data on priority sector advances in the reporting formats ‘Statement I’ and ‘Statement II (Part A to D)’ shall be furnished at quarterly and annual intervals, to the Regional Office of DoS, RBI.","28. Monitoring of Priority Sector Lending Targets (i) To ensure continuous flow of credit to priority sectors, the compliance of banks will be monitored on a calendar quarter basis. (ii) The data on priority sector advances shall be furnished by banks at [quarterly and annual]39 intervals as per the respective reporting format, within fifteen days and one month, respectively from the end of each quarter and financial year. (iii) In respect of RRBs, the data on priority sector advances, in the above format, shall be furnished to NABARD at quarterly and annual intervals. (iv) UCBs shall be guided by Master Direction – Reserve Bank of India (Filing of Supervisory Returns) Directions – 2024 dated February 27, 2024, as updated from time to time, as regards submission of data on priority sector advances.",MODIFIED,SUBSTANTIVE_REGULATORY_CHANGE,HIGH,A compliance deadline changed between the two versions.
PSL_2020_0059,27.0,PSL_2025_0053,29.0,0.7212711672002957,0.9060783386230468,0.5920803878091726,MODIFIED,DATE,MEDIUM,,,,"[{""dimension"": ""DATE"", ""old"": [""march 31, 2021""], ""new"": [""january 19, 2026""]}]","The aligned regulatory provision was date changed from ['march 31, 2021'] to ['january 19, 2026'].","27. Non-achievement of Priority Sector targets (i) Banks having any shortfall in lending to priority sector shall be allocated amounts for contribution to the Rural Infrastructure Development Fund (RIDF) established with NABARD and other funds with NABARD/NHB/SIDBI/ MUDRA Ltd., as decided by the Reserve Bank from time to time. (ii) With effect from March 31, 2021, all UCBs (excluding those under all-inclusive directions) will be required to contribute to Rural Infrastructure Development Fund (RIDF) established with NABARD and other funds with NABARD / NHB / SIDBI / MUDRA Ltd., against their priority sector lending (PSL) shortfall vis-à- vis the prescribed target. (iii) While computing priority sector target achievement, shortfall / excess lending for each quarter will be monitored separately. A simple average of all quarters will be arrived at and considered for computation of overall shortfall / excess at the end of the year. The same method will be followed for calculating the achievement of priority sector sub-targets. (Illustration given in Annex IV). (iv) The interest rates on banks’ contribution to RIDF or any other funds, tenure of deposits, etc. shall be fixed by Reserve Bank of India from time to time. (v) The mis-classifications reported by the Reserve Bank’s Department of Supervision (DoS) (NABARD in respect of RRBs) would be adjusted/ reduced Master Directions - Priority Sector Lending – Targets and Classification - 2020 21 from the achievement of that year, to which the amount of misclassification pertains, for allocation to various funds in subsequent years. (vi) Non-achievement of priority sector targets and sub-targets will be taken into account while granting regulatory clearances/approvals for various purposes.","29. Non-achievement of Priority Sector Targets (i) All banks (excluding UCBs under all-inclusive directions) reporting shortfall in priority sector lending vis-à-vis the prescribed target/sub-targets shall be allocated amounts for contribution to the Rural Infrastructure Development Fund (RIDF) and other funds with NABARD/NHB/SIDBI/MUDRA Ltd., as decided by the Reserve Bank from time to time. Further, the terms and conditions of the funds shall be as decided by Reserve Bank of India. (ii) While computing priority sector target achievement, shortfall/excess lending for each quarter will be monitored separately. A simple average of all quarters will 39 Formats updated vide Reserve Bank of India (Priority Sector Lending – Targets and Classification) (Amendment) Directions, 2026 dated January 19, 2026 Master Directions - Priority Sector Lending – Targets and Classification - 2025 24 be arrived at and considered for computation of overall shortfall/excess at the end of the year. The same method will be followed for calculating the achievement of priority sector sub-targets. (Illustration given in Annex-V). (iii) The interest rates payable to banks for their contribution to RIDF and other funds shall be as follows: S. No. Shortfall in overall priority sector lending target Deposit Rates 1 Less than 5 percentage points Bank Rate minus 2 percentage points 2 5 and above, but less than 10 percentage points Bank Rate minus 3 percentage points 3 10 percentage points and above Bank Rate minus 4 percentage points Further, in case of no shortfall in overall PSL target but shortfall in any sub- target, interest rate of Bank Rate minus 2 percentage points will apply. (iv) The mis-classifications in PSL, if any, identified by the Reserve Bank’s Department of Supervision (DoS) (NABARD in respect of RRBs) will be adjusted from the PSL achievement of the relevant year, to which the amount of misclassification pertains, and shortfall will be allocated to various funds in the subsequent years. (v) Non-achievement of priority sector targets and sub-targets will be taken into account while granting regulatory clearances/approvals for various purposes.",ADMINISTRATIVE_CHANGE,DOCUMENT_METADATA,LOW,A document-level date difference was detected. It is treated as an administrative or metadata change rather than a substantive regulatory requirement change.
PSL_2020_0060,28.0,PSL_2025_0054,30.0,0.691523621117345,0.8910657167434692,0.5229471446251589,MODIFIED,"MONETARY_VALUE, DATE, MODALITY",HIGH,should,shall,STRENGTHENED,"[{""dimension"": ""MONETARY_VALUE"", ""old"": [""₹25,000""], ""new"": [""₹50,000""]}, {""dimension"": ""DATE"", ""old"": [], ""new"": [""january 19, 2026""]}]","The aligned regulatory provision was monetary value changed from ['₹25,000'] to ['₹50,000']; date changed from [] to ['january 19, 2026']; regulatory modality changed from should to shall (strengthened).","28. Common guidelines for priority sector loans Banks should comply with the following common guidelines for all categories of advances under the priority sector. (i) Rate of interest: The rates of interest on bank loans will be as per directives issued by Department of Regulation (DoR), RBI from time to time. (ii) Service charges: No loan related and ad hoc service charges/inspection charges should be levied on priority sector loans up to ₹25,000. In the case of eligible priority sector loans to SHGs/ JLGs, this limit will be applicable per member and not to the group as a whole. (iii) Receipt, Sanction/Rejection/Disbursement Register: A register/ electronic record should be maintained by the bank wherein the date of receipt, sanction/rejection/disbursement with reasons thereof, etc. should be recorded. The register/electronic record should be made available to all inspecting agencies. (iv) Issue of acknowledgement of loan applications: Banks should provide acknowledgement for loan applications received under priority sector loans. Bank Boards should prescribe a time limit within which the bank communicates its decision in writing to the applicants. ~*~*~*~*~*~*~","30. Common guidelines for Priority Sector Loans Banks shall also comply with the following common guidelines for all categories of priority sector advances. (i) Rate of interest: The rates of interest charged on loans shall be in accordance with the [Reserve Bank of India (Interest Rate on Advances) Directions, 2025, as applicable to Commercial Banks, Small Finance Banks, Regional Rural Banks, Local Area Banks and Urban Co-operative Banks.]40 40 Substituted vide Reserve Bank of India (Priority Sector Lending – Targets and Classification) (Amendment) Directions, 2026 dated January 19, 2026 Master Directions - Priority Sector Lending – Targets and Classification - 2025 25 (ii) Service charges: No loan related [charges (including guarantee fees of credit guarantee schemes),]41 and ad hoc service charges/inspection charges shall be levied on priority sector loans up to ₹50,000. In the case of eligible priority sector loans to SHGs/JLGs, this limit will be applicable per member and not to the group as a whole. (iii) Record of Receipt, Sanction/Rejection/Disbursement: Record shall be maintained by the bank of the date of receipt, sanction, disbursement, rejection with reasons thereof, etc. (iv) Acknowledgement of loan applications: Banks shall provide acknowledgement of receipt of applications for priority sector loans. Bank Boards shall prescribe the time limit within which the bank communicates its decision in writing to the applicants. (v) Banks shall ensure that loans categorised as priority sector lending are granted for approved purposes and the end use is monitored, by putting in place proper internal systems and controls. (vi) Each priority sector loan shall be classified only in any one of the eight identified categories specified in para 5 of these Master Directions. ~*~*~*~*~*~*~ 41 Inserted vide Reserve Bank of India (Priority Sector Lending – Targets and Classification) (Amendment) Directions, 2026 dated January 19, 2026",MODIFIED,SUBSTANTIVE_REGULATORY_CHANGE,HIGH,Regulatory modality changed from 'should' to 'shall'. The requirement was strengthened.
